Order_ID,Order_Date,Customer_ID,Customer_Segment,Region,City,Category,Product,Quantity,Unit_Price,Discount,Sales,Total_Cost,Profit,Sales_Channel,Payment_Method,Customer_Rating
ORD-00001,2025-04-25,C1302,Consumer,West,Calgary,Accessories,Headset,1,90.4,0.1,81.36,38.0,43.36,Online,Credit Card,5
ORD-00002,2025-01-31,C1112,Consumer,West,Vancouver,Accessories,Mouse,2,40.17,0.1,72.31,28.0,44.31,Online,PayPal,
ORD-00003,2025-01-07,C1049,Consumer,West,Calgary,Furniture,Standing Desk,1,527.59,0,527.59,330.0,197.59,Partner,PayPal,5
ORD-00004,2025-09-28,C1316,Corporate,West,Calgary,Electronics,Webcam,2,123.94,0.05,235.49,110.0,125.49,Online,Debit Card,5
ORD-00005,2025-03-13,C1232,Corporate,West,Calgary,Accessories,Mouse,4,39.51,0.15,134.33,56.0,78.33,Partner,Debit Card,5
ORD-00006,2026-01-15,C1125,Small Business,Central,Toronto,Accessories,Headset,3,90.3,0.1,243.81,114.0,129.81,Online,Bank Transfer,4
ORD-00007,2026-01-24,C1412,Consumer,Central,Winnipeg,Accessories,USB-C Hub,1,82.56,0,82.56,31.0,51.56,Retail Store,Bank Transfer,5
ORD-00008,2025-10-02,C1234,Consumer,West,Vancouver,Electronics,Printer,5,208.28,0,1041.4,560.0,481.4,Retail Store,PayPal,4
ORD-00009,2025-05-23,C1070,Small Business,West,Calgary,Accessories,USB-C Hub,2,78.89,0.05,149.89,62.0,87.89,Online,Credit Card,
ORD-00010,2025-02-18,C1270,Consumer,West,Vancouver,Accessories,Keyboard,4,73.46,0,293.84,112.0,181.84,Online,Credit Card,5
ORD-00011,2025-04-28,C1369,Consumer,East,Halifax,Accessories,Headset,4,85.52,0,342.08,152.0,190.08,Online,Debit Card,5
ORD-00012,2026-06-04,C1398,Consumer,West,Calgary,Accessories,Headset,5,86.94,0,434.7,190.0,244.7,Online,PayPal,3
ORD-00013,2026-05-16,C1040,Corporate,West,Vancouver,Furniture,Office Chair,5,342.46,0,1712.3,925.0,787.3,Online,Bank Transfer,4
ORD-00014,2025-03-12,C1108,Corporate,East,Montreal,Accessories,Keyboard,3,70.74,0.05,201.61,84.0,117.61,Online,PayPal,4
ORD-00015,2026-02-13,C1301,Consumer,East,Halifax,Furniture,Office Chair,2,324.65,0,649.3,370.0,279.3,Online,Debit Card,4
ORD-00016,2025-01-08,C1342,Corporate,West,Calgary,Electronics,Laptop,1,876.41,0,876.41,620.0,256.41,Partner,Debit Card,
ORD-00017,2025-05-16,C1220,Small Business,East,Halifax,Electronics,Printer,2,191.93,0,383.86,224.0,159.86,Retail Store,Bank Transfer,5
ORD-00018,2026-02-25,C1441,Corporate,Central,Winnipeg,Electronics,Laptop,3,885.53,0.05,2523.76,1860.0,663.76,Online,Debit Card,4
ORD-00019,2025-07-16,C1413,Consumer,West,Calgary,Electronics,Webcam,1,114.9,0.15,97.67,55.0,42.67,Online,Credit Card,4
ORD-00020,2025-01-16,C1001,Consumer,West,Vancouver,Accessories,Keyboard,2,67.64,0.15,114.99,56.0,58.99,Partner,PayPal,5
ORD-00021,2026-04-11,C1376,Consumer,Central,Ottawa,Accessories,USB-C Hub,3,76.46,0,229.38,93.0,136.38,Online,PayPal,3
ORD-00022,2025-02-28,C1095,Corporate,West,Calgary,Electronics,Webcam,2,114.95,0.2,183.92,110.0,73.92,Online,Credit Card,4
ORD-00023,2025-08-29,C1267,Small Business,Central,Toronto,Electronics,Printer,1,201.66,0.05,191.58,112.0,79.58,Retail Store,PayPal,5
ORD-00024,2025-07-29,C1384,Consumer,East,Halifax,Furniture,Office Chair,1,323.92,0,323.92,185.0,138.92,Retail Store,Credit Card,4
ORD-00025,2026-04-15,C1450,Consumer,East,Halifax,Electronics,Monitor,1,259.51,0.15,220.58,145.0,75.58,Online,PayPal,4
ORD-00026,2025-10-19,C1418,Small Business,West,Victoria,Accessories,USB-C Hub,3,76.05,0.1,205.33,93.0,112.33,Partner,Credit Card,5
ORD-00027,2025-05-18,C1351,Consumer,Central,Toronto,Electronics,Monitor,3,246.06,0,738.18,435.0,303.18,Online,Bank Transfer,5
ORD-00028,2025-09-15,C1082,Consumer,West,Vancouver,Furniture,Standing Desk,4,576.38,0,2305.52,1320.0,985.52,Online,Bank Transfer,
ORD-00029,2025-01-10,C1157,Corporate,West,Vancouver,Accessories,Keyboard,2,67.38,0,134.76,56.0,78.76,Retail Store,Credit Card,5
ORD-00030,2026-01-02,C1383,Consumer,West,Calgary,Accessories,Mouse,3,41.88,0.15,106.79,42.0,64.79,Retail Store,Debit Card,4
ORD-00031,2025-06-16,C1376,Corporate,West,Victoria,Electronics,Laptop,1,915.28,0.05,869.52,620.0,249.52,Retail Store,PayPal,4
ORD-00032,2025-06-13,C1156,Corporate,East,Montreal,Furniture,Standing Desk,5,547.81,0.1,2465.14,1650.0,815.14,Online,Debit Card,4
ORD-00033,2025-01-25,C1204,Corporate,East,Montreal,Furniture,Standing Desk,1,557.77,0,557.77,330.0,227.77,Partner,Credit Card,5
ORD-00034,2025-04-29,C1160,Consumer,Central,Toronto,Electronics,Printer,8,204.56,0.05,1554.66,896.0,658.66,Online,Credit Card,5
ORD-00035,2026-01-30,C1379,Consumer,East,Montreal,Accessories,Headset,1,91.67,0.1,82.5,38.0,44.5,Retail Store,PayPal,4
ORD-00036,2026-03-18,C1341,Small Business,West,Calgary,Furniture,Office Chair,3,330.23,0.15,842.09,555.0,287.09,Online,PayPal,5
ORD-00037,2026-02-17,C1315,Consumer,East,Quebec City,Accessories,USB-C Hub,1,83.21,0.1,74.89,31.0,43.89,Partner,Bank Transfer,5
ORD-00038,2025-01-01,C1109,Small Business,Central,Ottawa,Accessories,Mouse,2,39.76,0.05,75.54,28.0,47.54,Retail Store,Debit Card,
ORD-00039,2025-03-28,C1101,Corporate,Central,Winnipeg,Electronics,Printer,1,194.48,0.1,175.03,112.0,63.03,Retail Store,Credit Card,4
ORD-00040,2025-02-17,C1356,Consumer,West,Victoria,Electronics,Printer,5,193.88,0.1,872.46,560.0,312.46,Online,Bank Transfer,5
ORD-00041,2026-02-14,C1411,Corporate,West,Vancouver,Electronics,Laptop,6,874.69,0.1,4723.33,3720.0,1003.33,Partner,Credit Card,
ORD-00042,2025-09-13,C1226,Small Business,West,Victoria,Accessories,Keyboard,4,73.14,0.05,277.93,112.0,165.93,Partner,Bank Transfer,5
ORD-00043,2025-06-12,C1320,Consumer,East,Quebec City,Electronics,Webcam,1,120.25,0.1,108.23,55.0,53.23,Retail Store,PayPal,4
ORD-00044,2026-03-27,C1196,Consumer,West,Calgary,Accessories,Headset,1,86.85,0,86.85,38.0,48.85,Partner,Debit Card,4
ORD-00045,2025-03-07,C1299,Consumer,Central,Ottawa,Furniture,Office Chair,2,343.35,0.05,652.37,370.0,282.37,Online,Bank Transfer,3
ORD-00046,2026-05-04,C1279,Corporate,West,Victoria,accessories,Headset,4,92.22,0.05,350.44,152.0,198.44,Partner,Bank Transfer,4
ORD-00047,2025-08-13,C1239,Consumer,Central,Ottawa,Electronics,Webcam,1,115.97,0.05,110.17,55.0,55.17,Retail Store,Credit Card,4
ORD-00048,2026-02-08,C1167,Consumer,East,Halifax,Electronics,Laptop,1,878.4,0,878.4,620.0,258.4,Partner,Bank Transfer,4
ORD-00049,2025-12-01,C1026,Corporate,Central,Ottawa,Accessories,Headset,6,85.66,0,513.96,228.0,285.96,Online,Debit Card,5
ORD-00050,2025-03-12,C1342,Consumer,East,Montreal,Electronics,Laptop,8,866.35,0,6930.8,4960.0,1970.8,Online,Debit Card,4
ORD-00051,2026-04-22,C1159,Small Business,East,Quebec City,Furniture,Office Chair,1,340.53,0,340.53,185.0,155.53,Retail Store,Credit Card,4
ORD-00052,2025-11-16,C1356,Small Business,East,Halifax,Furniture,Standing Desk,2,556.99,0.1,1002.58,660.0,342.58,Online,Credit Card,5
ORD-00053,2025-02-12,C1250,Consumer,Central,Winnipeg,Furniture,Standing Desk,3,545.59,0,1636.77,990.0,646.77,Retail Store,Bank Transfer,4
ORD-00054,2026-01-06,C1275,Small Business,East,Quebec City,Accessories,Keyboard,2,72.15,0,144.3,56.0,88.3,Partner,Bank Transfer,
ORD-00055,2026-03-23,C1384,Consumer,East,Halifax,Accessories,Headset,1,89.55,0,89.55,38.0,51.55,Partner,Bank Transfer,
ORD-00056,2025-12-11,C1450,Consumer,West,Victoria,Furniture,Office Chair,3,342.54,0,1027.62,555.0,472.62,Retail Store,Credit Card,5
ORD-00057,2026-06-14,C1251,Consumer,West,Vancouver,Accessories,Mouse,3,40.57,0.1,109.54,42.0,67.54,Retail Store,Credit Card,
ORD-00058,2025-04-06,C1217,Consumer,Central,Toronto,Furniture,Standing Desk,3,551.69,0.05,1572.32,990.0,582.32,Retail Store,PayPal,5
ORD-00059,2026-04-10,C1353,Small Business,Central,Ottawa,Accessories,Headset,1,94.05,0.1,84.64,38.0,46.64,Online,Debit Card,4
ORD-00060,2025-08-10,C1099,Corporate,East,Quebec City,Accessories,Headset,3,86.4,0,259.2,114.0,145.2,Retail Store,Debit Card,5
ORD-00061,2026-01-05,C1064,Consumer,West,Victoria,Electronics,Laptop,3,881.28,0,2643.84,1860.0,783.84,Online,Credit Card,
ORD-00062,2025-01-13,C1058,Consumer,East,Quebec City,Electronics,Webcam,2,124.33,0,248.66,110.0,138.66,Partner,Bank Transfer,4
ORD-00063,2026-05-19,C1285,Corporate,West, Calgary,Electronics,Laptop,1,877.33,0,877.33,620.0,257.33,Partner,Debit Card,5
ORD-00064,2026-06-20,C1378,Small Business,Central,Ottawa,Electronics,Webcam,1,114.71,0.05,108.97,55.0,53.97,Online,Debit Card,4
ORD-00065,2025-08-05,C1304,Consumer,Central,Winnipeg,Electronics,Monitor,1,248.75,0,248.75,145.0,103.75,Online,PayPal,
ORD-00066,2025-02-03,C1320,Consumer,West,Victoria,Accessories,Headset,3,92.58,0.15,236.08,114.0,122.08,Retail Store,Bank Transfer,4
ORD-00067,2025-04-28,C1383,Corporate,East,Montreal,Accessories,Keyboard,6,68.64,0,411.84,168.0,243.84,Online,Bank Transfer,5
ORD-00068,2025-05-08,C1020,Corporate,Central,Winnipeg,Accessories,Headset,3,86.21,0.05,245.7,114.0,131.7,Retail Store,PayPal,5
ORD-00069,2025-09-14,C1344,Corporate,West,Vancouver,Accessories,Mouse,8,41.99,0.2,268.74,112.0,156.74,Retail Store,Credit Card,5
ORD-00070,2025-06-29,C1046,Consumer,Central,Winnipeg,Electronics,Webcam,6,119.89,0.1,647.41,330.0,317.41,Retail Store,PayPal,
ORD-00071,2026-02-23,C1416,Consumer,Central,Ottawa,Electronics,Monitor,5,261.12,0,1305.6,725.0,580.6,Retail Store,Bank Transfer,3
ORD-00072,2025-04-01,C1445,Small Business,Central,Ottawa,Furniture,Office Chair,1,313.53,0.15,266.5,185.0,81.5,Partner,Bank Transfer,
ORD-00073,2025-02-25,C1067,Consumer,West,Calgary,Furniture,Office Chair,3,322.3,0,966.9,555.0,411.9,Online,Bank Transfer,5
ORD-00074,2026-05-12,C1115,Small Business,West,Vancouver,Electronics,Printer,4,198.15,0,792.6,448.0,344.6,Online,Bank Transfer,4
ORD-00075,2025-05-01,C1241,Consumer,East,Montreal,Electronics,Webcam,8,119.78,0.05,910.33,440.0,470.33,Retail Store,Bank Transfer,4
ORD-00076,2025-05-29,C1212,Corporate,Central,Toronto,Electronics,Printer,2,205.79,0,411.58,224.0,187.58,Partner,PayPal,5
ORD-00077,2025-01-03,C1247,Small Business,Central,Winnipeg,Accessories,Headset,5,89.51,0.15,380.42,190.0,190.42,Retail Store,PayPal,5
ORD-00078,2026-01-22,C1162,Consumer,Central,Ottawa,Accessories,Mouse,10,39.63,0.15,336.86,140.0,196.86,Online,Bank Transfer,
ORD-00079,2026-01-31,C1447,Consumer,East,Halifax,Accessories,Keyboard,2,72.58,0.05,137.9,56.0,81.9,Retail Store,Credit Card,
ORD-00080,2026-06-23,C1173,Small Business,Central,Toronto,Accessories,Keyboard,2,73.27,0.05,139.21,56.0,83.21,Online,Credit Card,5
ORD-00081,2025-12-03,C1035,Small Business,East,Halifax,Furniture,Standing Desk,10,552.25,0.05,5246.38,3300.0,1946.38,Partner,PayPal,4
ORD-00082,2025-08-21,C1153,Small Business,East,Montreal,Furniture,Standing Desk,10,531.64,0,5316.4,3300.0,2016.4,Retail Store,Credit Card,3
ORD-00083,2025-11-29,C1089,Consumer,West,Victoria,Furniture,Office Chair,2,339.64,0.05,645.32,370.0,275.32,Retail Store,Bank Transfer,4
ORD-00084,2025-09-04,C1238,Small Business,Central,Winnipeg,Accessories,Keyboard,1,72.78,0.1,65.5,28.0,37.5,Online,Debit Card,5
ORD-00085,2025-03-17,C1196,Corporate,Central,Ottawa,Electronics,Printer,1,196.03,0.05,186.23,112.0,74.23,Retail Store,Credit Card,
ORD-00086,2025-08-31,C1140,Corporate,Central,Winnipeg,Furniture,Office Chair,2,335.21,0.2,536.34,370.0,166.34,Online,Credit Card,3
ORD-00087,2026-05-24,C1392,Consumer,Central,Toronto,Electronics,Printer,4,205.1,0,820.4,448.0,372.4,Online,Credit Card,4
ORD-00088,2025-02-10,C1089,Small Business,Central,Ottawa,Electronics,Laptop,2,922.26,0,1844.52,1240.0,604.52,Online,Debit Card,4
ORD-00089,2026-01-10,C1382,Consumer,East,Halifax,Accessories,Headset,5,92.75,0.05,440.56,190.0,250.56,Retail Store,Credit Card,5
ORD-00090,2026-04-25,C1187,Small Business,West,Vancouver,Accessories,Mouse,5,41.21,0.2,164.84,70.0,94.84,Partner,Bank Transfer,4
ORD-00091,2025-01-15,C1190,Small Business,Central,Winnipeg,Electronics,Monitor,2,258.05,0.05,490.3,290.0,200.3,Retail Store,Debit Card,4
ORD-00092,2026-04-28,C1358,Small Business,West,Calgary,Accessories,USB-C Hub,1,79.7,0.1,71.73,31.0,40.73,Retail Store,Bank Transfer,5
ORD-00093,2025-04-30,C1232,Consumer,West,Vancouver,Electronics,Laptop,1,867.2,0.15,737.12,620.0,117.12,Online,Bank Transfer,5
ORD-00094,2025-06-08,C1111,Small Business,Central,Winnipeg,Electronics,Monitor,5,254.75,0,1273.75,725.0,548.75,Partner,Bank Transfer,
ORD-00095,2025-08-30,C1062,Corporate,Central,Toronto,Furniture,Office Chair,2,319.75,0,639.5,370.0,269.5,Online,Credit Card,
ORD-00096,2025-08-06,C1105,Consumer,East,Halifax,Electronics,Printer,10,205.73,0.2,1645.84,1120.0,525.84,Online,Debit Card,4
ORD-00097,2025-08-10,C1276,Small Business,West,Victoria,Accessories,Keyboard,4,73.4,0.2,234.88,112.0,122.88,Online,Debit Card,5
ORD-00098,2025-04-23,C1026,Small Business,East,Montreal,Accessories,Keyboard,1,67.71,0,67.71,28.0,39.71,Online,Bank Transfer,4
ORD-00099,2026-06-23,C1314,Small Business,West,Calgary,Electronics,Monitor,2,250.09,0,500.18,290.0,210.18,Retail Store,PayPal,3
ORD-00100,2026-04-15,C1227,Corporate,East,Montreal,Electronics,Laptop,10,919.11,0,9191.1,6200.0,2991.1,Online,Credit Card,4
ORD-00101,2025-11-26,C1271,Small Business,East,Montreal,Electronics,Monitor,3,247.01,0.1,666.93,435.0,231.93,Retail Store,Bank Transfer,5
ORD-00102,2026-06-02,C1443,Consumer,East,Quebec City,Electronics,Monitor,4,251.27,0.15,854.32,580.0,274.32,Retail Store,Bank Transfer,4
ORD-00103,2026-04-08,C1130,Consumer,West,Victoria,Furniture,Office Chair,4,323.8,0,1295.2,740.0,555.2,Retail Store,Debit Card,5
ORD-00104,2026-05-01,C1300,Consumer,West,Vancouver,Electronics,Monitor,1,251.4,0.1,226.26,145.0,81.26,Retail Store,Credit Card,5
ORD-00105,2026-02-25,C1295,Small Business,Central,Winnipeg,Furniture,Standing Desk,5,541.83,0.05,2573.69,1650.0,923.69,Partner,Debit Card,4
ORD-00106,2026-05-09,C1432,Consumer,West,Vancouver,Furniture,Office Chair,5,340.13,0.05,1615.62,925.0,690.62,Retail Store,PayPal,3
ORD-00107,2025-01-30,C1035,Consumer,West,Victoria,Accessories,Headset,6,91.41,0,548.46,228.0,320.46,Online,Credit Card,4
ORD-00108,2025-04-04,C1290,Consumer,East,Halifax,Accessories,Mouse,2,39.29,0,78.58,28.0,50.58,Online,Credit Card,4
ORD-00109,2025-06-09,C1139,Consumer,West,Calgary,Electronics,Laptop,3,894.77,0.05,2550.09,1860.0,690.09,Retail Store,Credit Card,4
ORD-00110,2025-12-20,C1028,Small Business,Central,Toronto,Accessories,Headset,5,87.47,0,437.35,190.0,247.35,Retail Store,Debit Card,3
ORD-00111,2025-11-05,C1360,Consumer,West,Vancouver,Accessories,Headset,3,86.65,0.05,246.95,114.0,132.95,Online,PayPal,4
ORD-00112,2025-03-15,C1207,Consumer,Central,Winnipeg,Electronics,Laptop,2,893.63,0,1787.26,1240.0,547.26,Online,PayPal,5
ORD-00113,2025-04-28,C1223,Corporate,Central,Toronto,Furniture,Office Chair,1,325.43,0.1,292.89,185.0,107.89,Online,Debit Card,4
ORD-00114,2026-03-23,C1039,Corporate,East,Quebec City,Accessories,USB-C Hub,1,82.22,0,82.22,31.0,51.22,Retail Store,Debit Card,4
ORD-00115,2025-12-24,C1038,Consumer,Central,Winnipeg,Accessories,Keyboard,3,71.81,0.05,204.66,84.0,120.66,Online,Bank Transfer,4
ORD-00116,2026-04-21,C1321,Corporate,East,Halifax,Electronics,Webcam,3,117.87,0.2,282.89,165.0,117.89,Retail Store,Debit Card,5
ORD-00117,2026-03-27,C1236,Small Business,West,Victoria,Electronics,Webcam,3,114.88,0,344.64,165.0,179.64,Retail Store,Credit Card,
ORD-00118,2025-02-28,C1297,Corporate,Central,Ottawa,Electronics,Monitor,3,247.1,0.05,704.23,435.0,269.23,Online,Bank Transfer,3
ORD-00119,2025-07-12,C1365,Corporate,Central,Winnipeg,Electronics,Webcam,2,124.04,0.1,223.27,110.0,113.27,Online,Debit Card,4
ORD-00120,2025-02-10,C1198,Consumer,West,Calgary,Electronics,Webcam,10,125.0,0,1250.0,550.0,700.0,Retail Store,PayPal,5
ORD-00121,2025-02-23,C1336,Consumer,East,Halifax,Furniture,Office Chair,1,337.37,0,337.37,185.0,152.37,Retail Store,PayPal,4
ORD-00122,2025-03-25,C1362,Consumer,East,Halifax,Accessories,Keyboard,6,67.39,0.1,363.91,168.0,195.91,Retail Store,PayPal,4
ORD-00123,2026-01-21,C1330,Corporate,East,Quebec City,Accessories,Keyboard,3,70.17,0.1,189.46,84.0,105.46,Retail Store,PayPal,5
ORD-00124,2025-01-19,C1079,Consumer,Central,Ottawa,Accessories,Keyboard,8,73.49,0,587.92,224.0,363.92,Retail Store,PayPal,4
ORD-00125,2025-04-14,C1083,Consumer,East,Halifax,Accessories,USB-C Hub,1,79.0,0,79.0,31.0,48.0,Retail Store,Debit Card,4
ORD-00126,2026-03-25,C1229,Consumer,West,Victoria,Furniture,Office Chair,3,338.19,0,1014.57,555.0,459.57,Online,Debit Card,4
ORD-00127,2025-11-13,C1270,Small Business,Central,Toronto,Furniture,Office Chair,5,339.17,0.1,1526.27,925.0,601.27,Online,Debit Card,5
ORD-00128,2025-07-24,C1264,Consumer,East,Montreal,Accessories,Headset,1,91.89,0.15,78.11,38.0,40.11,Online,PayPal,4
ORD-00129,2025-03-27,C1230,Consumer,West,Victoria,Electronics,Webcam,6,116.65,0.2,559.92,330.0,229.92,Online,Credit Card,5
ORD-00130,2026-03-01,C1050,Consumer,West,Victoria,Accessories,USB-C Hub,2,78.54,0,157.08,62.0,95.08,Online,Debit Card,5
ORD-00131,2025-05-21,C1040,Consumer,West,Victoria,Electronics,Webcam,3,114.05,0.05,325.04,165.0,160.04,Retail Store,PayPal,3
ORD-00132,2025-08-09,C1214,Consumer,West,Calgary,Electronics,Printer,2,190.95,0,381.9,224.0,157.9,Online,Credit Card,
ORD-00133,2025-04-24,C1314,Consumer,Central,Winnipeg,Accessories,USB-C Hub,1,79.42,0,79.42,31.0,48.42,Online,Debit Card,5
ORD-00134,2026-03-03,C1259,Consumer,West,Calgary,Electronics,Monitor,2,257.15,0.05,488.58,290.0,198.58,Partner,Bank Transfer,3
ORD-00135,2026-04-27,C1375,Consumer,West,Calgary,Furniture,Standing Desk,10,541.45,0.1,4873.05,3300.0,1573.05,Online,PayPal,4
ORD-00136,2025-05-17,C1245,Small Business,West,Victoria,Accessories,USB-C Hub,1,83.84,0.1,75.46,31.0,44.46,Retail Store,Debit Card,4
ORD-00137,2025-03-06,C1263,Consumer,East,Quebec City,Electronics,Laptop,1,938.99,0,938.99,620.0,318.99,Online,Bank Transfer,5
ORD-00138,2025-09-17,C1409,Corporate,West,Calgary,Accessories,Mouse,1,39.08,0.1,35.17,14.0,21.17,Online,Bank Transfer,5
ORD-00139,2026-02-14,C1136,Consumer,East,Quebec City,Furniture,Standing Desk,1,566.34,0,566.34,330.0,236.34,Retail Store,Bank Transfer,4
ORD-00140,2025-03-22,C1308,Consumer,Central,Winnipeg,Accessories,Keyboard,2,68.64,0.1,123.55,56.0,67.55,Online,Debit Card,5
ORD-00141,2026-03-31,C1405,Corporate,Central,Ottawa,Electronics,Laptop,3,912.54,0.05,2600.74,1860.0,740.74,Retail Store,Credit Card,3
ORD-00142,2026-02-20,C1034,Consumer,Central,Winnipeg,Accessories,Keyboard,8,66.73,0.1,480.46,224.0,256.46,Retail Store,PayPal,4
ORD-00143,2026-01-06,C1293,Small Business,Central,Winnipeg,Electronics,Laptop,3,923.67,0,2771.01,1860.0,911.01,Partner,PayPal,4
ORD-00144,2026-02-12,C1287,Consumer,Central,Winnipeg,Accessories,Headset,1,88.97,0.05,84.52,38.0,46.52,Retail Store,PayPal,4
ORD-00145,2025-09-24,C1436,Consumer,East, Quebec City,Accessories,Mouse,10,38.48,0.05,365.56,140.0,225.56,Partner,Bank Transfer,4
ORD-00146,2025-06-26,C1281,Corporate,East,Quebec City,Electronics,Monitor,4,255.23,0.1,918.83,580.0,338.83,Partner,PayPal,5
ORD-00147,2025-06-11,C1404,Consumer,East,Halifax,Accessories,Keyboard,4,67.46,0,269.84,112.0,157.84,Online,Credit Card,
ORD-00148,2026-01-05,C1203,Corporate,East,Halifax,Furniture,Office Chair,2,315.66,0.15,536.62,370.0,166.62,Online,Bank Transfer,
ORD-00149,2026-02-24,C1449,Small Business,East,Montreal,Accessories,Keyboard,10,68.9,0.1,620.1,280.0,340.1,Online,Debit Card,4
ORD-00150,2026-03-20,C1265,Consumer,East,Montreal,Electronics,Monitor,2,243.13,0.15,413.32,290.0,123.32,Online,Credit Card,5
ORD-00151,2025-09-14,C1303,Small Business,West,Calgary,Accessories,USB-C Hub,1,81.12,0,81.12,31.0,50.12,Retail Store,Debit Card,4
ORD-00152,2025-12-12,C1213,Corporate,East,Montreal,Electronics,Laptop,3,873.96,0,2621.88,1860.0,761.88,Retail Store,Bank Transfer,3
ORD-00153,2025-10-24,C1080,Corporate,East,Quebec City,Electronics,Webcam,1,122.25,0.05,116.14,55.0,61.14,Online,Bank Transfer,
ORD-00154,2026-05-11,C1204,Consumer,Central,Toronto,Furniture,Office Chair,3,341.9,0.1,923.13,555.0,368.13,Retail Store,PayPal,4
ORD-00155,2026-06-12,C1196,Consumer,East,Montreal,Furniture,Office Chair,1,315.16,0,315.16,185.0,130.16,Online,Debit Card,5
ORD-00156,2025-06-13,C1254,Consumer,Central,Winnipeg,Furniture,Office Chair,1,342.5,0.05,325.38,185.0,140.38,Partner,Credit Card,3
ORD-00157,2026-02-07,C1334,Consumer,East,Quebec City,Accessories,Mouse,1,41.52,0.05,39.44,14.0,25.44,Online,PayPal,
ORD-00158,2025-01-09,C1291,Small Business,West,Victoria,Accessories,Keyboard,5,69.29,0,346.45,140.0,206.45,Retail Store,PayPal,4
ORD-00159,2025-10-23,C1065,Consumer,West,Victoria,Accessories,USB-C Hub,2,80.88,0.1,145.58,62.0,83.58,Retail Store,Bank Transfer,4
ORD-00160,2026-01-18,C1070,Consumer,Central,Winnipeg,Furniture,Office Chair,4,314.99,0.05,1196.96,740.0,456.96,Retail Store,Bank Transfer,5
ORD-00161,2026-06-16,C1315,Consumer,Central,Toronto,Electronics,Printer,6,197.85,0,1187.1,672.0,515.1,Partner,PayPal,5
ORD-00162,2026-06-04,C1213,Consumer,East,Halifax,Electronics,Webcam,3,122.08,0,366.24,165.0,201.24,Retail Store,Credit Card,5
ORD-00163,2026-05-01,C1317,Small Business,Central,Winnipeg,Electronics,Printer,2,202.57,0,405.14,224.0,181.14,Retail Store,Debit Card,5
ORD-00164,2025-09-06,C1256,Consumer,West,Calgary,Electronics,Monitor,1,242.59,0.05,230.46,145.0,85.46,Online,Credit Card,
ORD-00165,2025-05-22,C1272,Small Business,East,Montreal,Accessories,USB-C Hub,1,77.38,0,77.38,31.0,46.38,Retail Store,PayPal,5
ORD-00166,2025-09-28,C1394,Consumer,East,Quebec City,Accessories,Mouse,8,41.92,0.2,268.29,112.0,156.29,Online,Debit Card,5
ORD-00167,2026-05-16,C1278,Corporate,Central,Ottawa,Furniture,Office Chair,2,332.41,0,664.82,370.0,294.82,Retail Store,Bank Transfer,5
ORD-00168,2025-12-20,C1109,Small Business,West,Victoria,Electronics,Laptop,2,878.07,0.05,1668.33,1240.0,428.33,Online,PayPal,4
ORD-00169,2025-10-06,C1119,Consumer,West,Vancouver,Electronics,Printer,3,194.5,0.15,495.97,336.0,159.97,Online,Credit Card,3
ORD-00170,2026-02-28,C1208,Small Business,Central,Winnipeg,Electronics,Webcam,1,125.14,0.05,118.88,55.0,63.88,Online,Bank Transfer,
ORD-00171,2025-07-24,C1370,Corporate,Central,Ottawa,Accessories,Headset,3,90.31,0.05,257.38,114.0,143.38,Online,Debit Card,3
ORD-00172,2026-03-04,C1019,Consumer,West,Vancouver,furniture,Standing Desk,4,538.41,0.15,1830.59,1320.0,510.59,Retail Store,PayPal,3
ORD-00173,2025-04-20,C1239,Consumer,Central,Ottawa,Electronics,Webcam,10,124.2,0.15,1055.7,550.0,505.7,Online,Debit Card,5
ORD-00174,2025-04-26,C1345,Small Business,Central,Toronto,Electronics,Webcam,3,117.53,0,352.59,165.0,187.59,Online,Debit Card,4
ORD-00175,2026-02-20,C1127,Small Business,Central,Winnipeg,Furniture,Office Chair,1,324.17,0,324.17,185.0,139.17,Online,PayPal,3
ORD-00176,2026-01-28,C1354,Consumer,West,Victoria,Accessories,Headset,8,91.37,0,730.96,304.0,426.96,Retail Store,Credit Card,4
ORD-00177,2025-05-02,C1060,Consumer,Central,Ottawa,Accessories,Keyboard,2,68.67,0.1,123.61,56.0,67.61,Partner,PayPal,5
ORD-00178,2025-08-15,C1241,Small Business,West,Vancouver,Electronics,Webcam,1,120.58,0.05,114.55,55.0,59.55,Retail Store,Debit Card,4
ORD-00179,2025-03-25,C1258,Consumer,East,Quebec City,Accessories,USB-C Hub,3,80.37,0,241.11,93.0,148.11,Retail Store,Debit Card,4
ORD-00180,2025-06-18,C1414,Consumer,Central,Winnipeg,Electronics,Webcam,1,120.11,0,120.11,55.0,65.11,Retail Store,Bank Transfer,3
ORD-00181,2025-05-16,C1130,Small Business,East,Quebec City,Electronics,Webcam,2,114.25,0,228.5,110.0,118.5,Retail Store,Debit Card,3
ORD-00182,2025-03-16,C1241,Consumer,West,Victoria,Furniture,Office Chair,3,346.03,0.15,882.38,555.0,327.38,Online,PayPal,3
ORD-00183,2026-02-23,C1041,Corporate,West,Vancouver,Furniture,Standing Desk,2,543.25,0.15,923.52,660.0,263.52,Online,PayPal,4
ORD-00184,2025-05-02,C1152,Small Business,West,Calgary,Furniture,Standing Desk,2,523.74,0,1047.48,660.0,387.48,Online,Bank Transfer,
ORD-00185,2026-06-29,C1016,Consumer,Central,Toronto,Accessories,Mouse,2,41.05,0.15,69.78,28.0,41.78,Online,Credit Card,5
ORD-00186,2025-09-04,C1022,Consumer,West,Vancouver,Electronics,Monitor,2,243.61,0.15,414.14,290.0,124.14,Retail Store,Bank Transfer,5
ORD-00187,2025-08-28,C1295,Corporate,East,Montreal,Electronics,Laptop,1,906.84,0.15,770.81,620.0,150.81,Online,Debit Card,5
ORD-00188,2025-11-06,C1320,Consumer,West,Calgary,Accessories,USB-C Hub,1,83.03,0.2,66.42,31.0,35.42,Online,Bank Transfer,5
ORD-00189,2025-02-18,C1386,Consumer,Central,Winnipeg,Furniture,Standing Desk,4,543.2,0,2172.8,1320.0,852.8,Online,Debit Card,
ORD-00190,2025-08-19,C1068,Corporate,Central,Winnipeg,Accessories,Keyboard,4,70.39,0.2,225.25,112.0,113.25,Retail Store,Debit Card,5
ORD-00191,2025-09-19,C1137,Corporate,West,Victoria,Electronics,Monitor,6,242.25,0.1,1308.15,870.0,438.15,Online,Credit Card,5
ORD-00192,2025-03-16,C1108,Consumer,West,Calgary,Accessories,USB-C Hub,1,83.26,0,83.26,31.0,52.26,Partner,Credit Card,4
ORD-00193,2026-05-06,C1238,Consumer,West,Calgary,Electronics,Printer,3,195.65,0,586.95,336.0,250.95,Online,PayPal,5
ORD-00194,2025-09-25,C1104,Corporate,Central,Winnipeg,Electronics,Webcam,2,117.83,0.1,212.09,110.0,102.09,Retail Store,PayPal,5
ORD-00195,2026-02-28,C1151,Consumer,West,Calgary,Accessories,Mouse,3,40.87,0.05,116.48,42.0,74.48,Retail Store,Debit Card,4
ORD-00196,2025-12-04,C1370,Consumer,West,Victoria,Electronics,Printer,6,195.14,0.1,1053.76,672.0,381.76,Retail Store,Bank Transfer,
ORD-00197,2025-06-22,C1030,Consumer,East,Quebec City,Accessories,Keyboard,1,73.42,0.15,62.41,28.0,34.41,Online,Credit Card,3
ORD-00198,2025-02-19,C1191,Consumer,West,Victoria,Accessories,Keyboard,5,70.03,0,350.15,140.0,210.15,Retail Store,Bank Transfer,3
ORD-00199,2026-05-15,C1008,Consumer,West,Vancouver,Accessories,USB-C Hub,2,83.81,0,167.62,62.0,105.62,Retail Store,Debit Card,5
ORD-00200,2025-04-20,C1040,Small Business,West,Calgary,Accessories,Keyboard,1,72.05,0,72.05,28.0,44.05,Online,Bank Transfer,5
ORD-00201,2026-04-16,C1016,Corporate,East,Montreal,Accessories,Mouse,1,40.59,0.2,32.47,14.0,18.47,Online,Bank Transfer,4
ORD-00202,2026-01-24,C1401,Consumer,Central,Winnipeg,Electronics,Webcam,1,119.2,0.05,113.24,55.0,58.24,Online,Credit Card,5
ORD-00203,2026-06-25,C1350,Small Business,West,Vancouver,Accessories,Mouse,6,41.69,0,250.14,84.0,166.14,Retail Store,Credit Card,5
ORD-00204,2025-07-03,C1083,Small Business,Central,Toronto,Accessories,Mouse,2,38.3,0,76.6,28.0,48.6,Retail Store,Bank Transfer,4
ORD-00205,2025-12-06,C1223,Small Business,Central,Winnipeg,Accessories,Keyboard,4,68.91,0.1,248.08,112.0,136.08,Online,Credit Card,4
ORD-00206,2025-12-15,C1116,Small Business,East,Halifax,Electronics,Printer,3,209.84,0,629.52,336.0,293.52,Online,Bank Transfer,5
ORD-00207,2026-03-19,C1042,Consumer,West,Calgary,Electronics,Printer,3,204.25,0.1,551.48,336.0,215.48,Retail Store,Debit Card,5
ORD-00208,2026-01-25,C1184,Consumer,East,Halifax,Accessories,Keyboard,3,68.65,0,205.95,84.0,121.95,Online,Credit Card,5
ORD-00209,2025-05-16,C1047,Small Business,West,Vancouver,Furniture,Standing Desk,2,541.96,0,1083.92,660.0,423.92,Online,Bank Transfer,5
ORD-00210,2025-01-13,C1266,Small Business,Central,Ottawa,Furniture,Standing Desk,4,535.84,0.2,1714.69,1320.0,394.69,Retail Store,Bank Transfer,4
ORD-00211,2025-06-23,C1400,Consumer,West,Victoria,Accessories,Headset,1,88.19,0,88.19,38.0,50.19,Online,PayPal,4
ORD-00212,2025-09-15,C1170,Consumer,West,Calgary,Electronics,Webcam,2,125.38,0,250.76,110.0,140.76,Online,PayPal,5
ORD-00213,2026-03-27,C1203,Consumer,Central,Ottawa,Electronics,Printer,1,196.27,0,196.27,112.0,84.27,Partner,PayPal,5
ORD-00214,2026-05-18,C1303,Corporate,East,Montreal,Furniture,Office Chair,2,332.1,0,664.2,370.0,294.2,Online,Credit Card,4
ORD-00215,2026-04-18,C1344,Corporate,East,Montreal,Electronics,Webcam,4,123.53,0.15,420.0,220.0,200.0,Online,Debit Card,
ORD-00216,2025-11-07,C1273,Small Business,West,Victoria,Accessories,Keyboard,4,69.84,0.2,223.49,112.0,111.49,Online,Credit Card,5
ORD-00217,2026-01-04,C1331,Consumer,East,Halifax,Electronics,Printer,3,197.09,0.1,532.14,336.0,196.14,Retail Store,Bank Transfer,3
ORD-00218,2025-12-06,C1228,Consumer,Central,Toronto,Electronics,Laptop,1,916.88,0.05,871.04,620.0,251.04,Retail Store,Bank Transfer,5
ORD-00219,2026-04-20,C1043,Corporate,East,Halifax,Accessories,USB-C Hub,1,83.35,0,83.35,31.0,52.35,Online,Debit Card,4
ORD-00220,2025-12-23,C1163,Consumer,Central,Ottawa,Electronics,Webcam,5,122.65,0,613.25,275.0,338.25,Online,PayPal,4
ORD-00221,2025-02-15,C1124,Small Business,East,Montreal,Electronics,Laptop,5,943.54,0,4717.7,3100.0,1617.7,Retail Store,Debit Card,4
ORD-00222,2025-12-05,C1377,Consumer,East,Quebec City,Electronics,Webcam,1,119.18,0.1,107.26,55.0,52.26,Online,Bank Transfer,4
ORD-00223,2026-03-16,C1446,Small Business,Central,Toronto,Accessories,Mouse,1,38.4,0,38.4,14.0,24.4,Retail Store,PayPal,4
ORD-00224,2025-11-30,C1200,Corporate,West,Victoria,Electronics,Monitor,3,252.41,0.1,681.51,435.0,246.51,Retail Store,PayPal,4
ORD-00225,2025-12-27,C1160,Small Business,Central,Winnipeg,Accessories,Keyboard,4,67.08,0.05,254.9,112.0,142.9,Online,Debit Card,4
ORD-00226,2025-11-09,C1249,Consumer,West,Vancouver,Furniture,Office Chair,3,326.15,0,978.45,555.0,423.45,Online,Debit Card,4
ORD-00227,2026-05-17,C1069,Consumer,Central,Toronto,Accessories,Keyboard,1,66.56,0,66.56,28.0,38.56,Online,Bank Transfer,4
ORD-00228,2026-06-02,C1015,Consumer,East,Quebec City,Furniture,Standing Desk,3,527.04,0.05,1502.06,990.0,512.06,Retail Store,PayPal,4
ORD-00229,2025-02-03,C1261,Small Business,Central,Toronto,Accessories,USB-C Hub,1,79.95,0.1,71.95,31.0,40.95,Retail Store,Credit Card,4
ORD-00230,2025-10-02,C1052,Consumer,East,Quebec City,accessories,USB-C Hub,4,83.91,0.05,318.86,124.0,194.86,Retail Store,PayPal,4
ORD-00231,2025-02-03,C1107,Consumer,Central,Ottawa,Furniture,Office Chair,5,340.28,0,1701.4,925.0,776.4,Partner,Bank Transfer,5
ORD-00232,2025-06-19,C1086,Corporate,East,Montreal,Accessories,Mouse,4,40.38,0.05,153.44,56.0,97.44,Retail Store,PayPal,5
ORD-00233,2025-10-24,C1030,Small Business,East,Quebec City,Accessories,USB-C Hub,10,82.28,0.2,658.24,310.0,348.24,Online,Debit Card,5
ORD-00234,2025-05-16,C1137,Small Business,West,Vancouver,Furniture,Office Chair,4,332.54,0.05,1263.65,740.0,523.65,Retail Store,Bank Transfer,5
ORD-00235,2026-04-08,C1249,Small Business,West,Calgary,Electronics,Monitor,2,248.86,0.15,423.06,290.0,133.06,Retail Store,Credit Card,5
ORD-00236,2025-04-06,C1253,Small Business,East,Quebec City,Furniture,Office Chair,5,340.71,0.2,1362.84,925.0,437.84,Online,PayPal,5
ORD-00237,2025-10-18,C1023,Corporate,Central,Winnipeg,Electronics,Printer,1,205.23,0.15,174.45,112.0,62.45,Retail Store,Bank Transfer,4
ORD-00238,2025-01-17,C1332,Corporate,West,Vancouver,Electronics,Webcam,2,124.9,0.2,199.84,110.0,89.84,Online,Debit Card,5
ORD-00239,2025-10-08,C1156,Consumer,West,Calgary,Furniture,Office Chair,1,326.57,0,326.57,185.0,141.57,Partner,Bank Transfer,4
ORD-00240,2025-04-04,C1004,Consumer,East,Montreal,Electronics,Laptop,1,895.05,0.05,850.3,620.0,230.3,Retail Store,Credit Card,5
ORD-00241,2026-03-09,C1153,Consumer,East,Montreal,Electronics,Webcam,1,117.75,0,117.75,55.0,62.75,Retail Store,Bank Transfer,4
ORD-00242,2025-05-17,C1109,Small Business,East,Halifax,Accessories,Keyboard,1,68.95,0,68.95,28.0,40.95,Retail Store,Bank Transfer,4
ORD-00243,2026-03-30,C1405,Consumer,West,Vancouver,Electronics,Monitor,1,248.22,0,248.22,145.0,103.22,Retail Store,Debit Card,4
ORD-00244,2025-10-11,C1434,Small Business,East,Montreal,Accessories,Mouse,2,40.75,0.1,73.35,28.0,45.35,Retail Store,Debit Card,5
ORD-00245,2026-06-15,C1253,Consumer,East,Halifax,Accessories,Mouse,3,41.81,0.15,106.62,42.0,64.62,Online,Credit Card,5
ORD-00246,2025-09-04,C1198,Corporate,Central,Winnipeg,Electronics,Printer,1,196.32,0,196.32,112.0,84.32,Online,PayPal,5
ORD-00247,2025-06-26,C1203,Consumer,Central, Toronto,Electronics,Laptop,2,940.37,0.15,1598.63,1240.0,358.63,Online,Bank Transfer,5
ORD-00248,2026-03-10,C1104,Consumer,East,Quebec City,Electronics,Monitor,3,239.47,0,718.41,435.0,283.41,Online,PayPal,4
ORD-00249,2026-02-05,C1222,Consumer,East,Halifax,Electronics,Monitor,1,243.6,0,243.6,145.0,98.6,Partner,Bank Transfer,4
ORD-00250,2025-02-26,C1267,Small Business,Central,Winnipeg,Accessories,Keyboard,1,73.16,0,73.16,28.0,45.16,Retail Store,Debit Card,5
ORD-00251,2026-01-16,C1268,Consumer,West,Calgary,Accessories,Headset,3,89.35,0,268.05,114.0,154.05,Partner,PayPal,4
ORD-00252,2025-03-20,C1052,Consumer,Central,Ottawa,Accessories,USB-C Hub,2,78.03,0,156.06,62.0,94.06,Retail Store,Debit Card,4
ORD-00253,2026-06-06,C1439,Consumer,West,Vancouver,Electronics,Laptop,1,938.79,0,938.79,620.0,318.79,Online,Bank Transfer,3
ORD-00254,2025-08-18,C1344,Consumer,Central,Toronto,Furniture,Standing Desk,6,529.06,0.05,3015.64,1980.0,1035.64,Retail Store,Debit Card,3
ORD-00255,2025-08-17,C1283,Consumer,East,Montreal,Furniture,Standing Desk,1,540.49,0.15,459.42,330.0,129.42,Online,Credit Card,
ORD-00256,2026-01-13,C1395,Small Business,West,Victoria,Electronics,Printer,4,209.43,0,837.72,448.0,389.72,Online,Debit Card,4
ORD-00257,2025-06-04,C1000,Consumer,West,Victoria,Electronics,Laptop,1,940.58,0.15,799.49,620.0,179.49,Retail Store,PayPal,5
ORD-00258,2025-04-17,C1022,Corporate,West,Calgary,Accessories,Mouse,2,39.11,0,78.22,28.0,50.22,Partner,Bank Transfer,4
ORD-00259,2026-01-17,C1031,Consumer,Central,Winnipeg,Electronics,Monitor,2,252.29,0,504.58,290.0,214.58,Retail Store,Debit Card,5
ORD-00260,2025-08-31,C1119,Consumer,Central,Ottawa,Furniture,Office Chair,6,328.43,0,1970.58,1110.0,860.58,Retail Store,Debit Card,4
ORD-00261,2025-05-20,C1394,Consumer,East,Montreal,Accessories,Keyboard,1,69.0,0,69.0,28.0,41.0,Online,Bank Transfer,4
ORD-00262,2025-11-12,C1427,Corporate,Central,Ottawa,Electronics,Monitor,1,252.57,0.1,227.31,145.0,82.31,Online,Debit Card,5
ORD-00263,2025-04-04,C1207,Consumer,East,Montreal,Furniture,Office Chair,2,319.23,0.15,542.69,370.0,172.69,Online,Debit Card,
ORD-00264,2025-04-07,C1205,Consumer,Central,Toronto,Accessories,Keyboard,1,67.88,0,67.88,28.0,39.88,Retail Store,Credit Card,5
ORD-00265,2025-09-23,C1414,Small Business,West,Vancouver,Electronics,Monitor,1,258.67,0,258.67,145.0,113.67,Retail Store,Credit Card,5
ORD-00266,2025-02-13,C1218,Consumer,Central,Toronto,Accessories,Keyboard,6,69.17,0.05,394.27,168.0,226.27,Retail Store,PayPal,4
ORD-00267,2025-08-08,C1255,Consumer,West,Victoria,Accessories,Headset,2,91.32,0.05,173.51,76.0,97.51,Retail Store,Bank Transfer,5
ORD-00268,2025-03-04,C1410,Consumer,West,Victoria,Furniture,Standing Desk,1,557.18,0.05,529.32,330.0,199.32,Partner,Bank Transfer,3
ORD-00269,2026-01-03,C1305,Small Business,Central,Winnipeg,Electronics,Webcam,1,114.3,0,114.3,55.0,59.3,Online,Credit Card,4
ORD-00270,2025-10-15,C1123,Small Business,West,Victoria,Accessories,USB-C Hub,2,77.97,0,155.94,62.0,93.94,Online,Credit Card,5
ORD-00271,2025-08-13,C1377,Corporate,East,Quebec City,Furniture,Office Chair,8,323.98,0,2591.84,1480.0,1111.84,Online,Credit Card,5
ORD-00272,2025-12-27,C1089,Consumer,East,Halifax,Accessories,Keyboard,3,69.94,0.15,178.35,84.0,94.35,Partner,Credit Card,
ORD-00273,2025-04-03,C1066,Consumer,West,Vancouver,Electronics,Printer,1,194.02,0.15,164.92,112.0,52.92,Online,Debit Card,5
ORD-00274,2025-11-28,C1191,Corporate,West,Vancouver,Accessories,Keyboard,2,72.51,0.15,123.27,56.0,67.27,Retail Store,Credit Card,5
ORD-00275,2025-12-11,C1089,Small Business,Central,Ottawa,Accessories,Keyboard,11,69.9,0.1,692.01,308.0,384.01,Online,Debit Card,5
ORD-00276,2025-06-29,C1394,Small Business,Central,Ottawa,Accessories,Headset,1,89.01,0.2,71.21,38.0,33.21,Partner,Debit Card,3
ORD-00277,2025-11-22,C1085,Consumer,East,Montreal,Electronics,Printer,2,196.93,0,393.86,224.0,169.86,Online,PayPal,4
ORD-00278,2026-04-03,C1197,Consumer,West,Victoria,Accessories,Mouse,1,38.0,0,38.0,14.0,24.0,Online,Bank Transfer,
ORD-00279,2025-06-20,C1388,Consumer,Central,Ottawa,Furniture,Standing Desk,2,554.28,0.1,997.7,660.0,337.7,Retail Store,Debit Card,4
ORD-00280,2026-04-08,C1082,Consumer,West,Vancouver,Accessories,Headset,1,93.48,0,93.48,38.0,55.48,Online,Credit Card,4
ORD-00281,2025-12-13,C1051,Consumer,East,Halifax,Electronics,Webcam,3,119.2,0.05,339.72,165.0,174.72,Retail Store,Debit Card,5
ORD-00282,2025-07-14,C1025,Small Business,Central,Winnipeg,Accessories,USB-C Hub,3,77.89,0,233.67,93.0,140.67,Online,Bank Transfer,5
ORD-00283,2025-06-07,C1013,Consumer,West,Victoria,Electronics,Laptop,2,872.96,0.05,1658.62,1240.0,418.62,Retail Store,Debit Card,4
ORD-00284,2025-10-26,C1278,Consumer,West, Victoria,Electronics,Monitor,1,239.77,0.1,215.79,145.0,70.79,Online,Debit Card,5
ORD-00285,2026-01-15,C1031,Consumer,Central,Ottawa,Accessories,Keyboard,2,68.37,0,136.74,56.0,80.74,Online,Credit Card,4
ORD-00286,2025-03-29,C1267,Small Business,East,Quebec City,Accessories,USB-C Hub,2,79.09,0,158.18,62.0,96.18,Online,Bank Transfer,5
ORD-00287,2025-08-30,C1292,Corporate,Central,Ottawa,Electronics,Monitor,2,250.41,0.05,475.78,290.0,185.78,Online,Credit Card,4
ORD-00288,2026-04-05,C1421,Consumer,West,Vancouver,Accessories,Mouse,4,39.73,0.2,127.14,56.0,71.14,Online,PayPal,4
ORD-00289,2025-11-24,C1402,Consumer,East,Montreal,Electronics,Monitor,2,248.94,0,497.88,290.0,207.88,Online,Credit Card,5
ORD-00290,2026-03-01,C1051,Small Business,West,Vancouver,Electronics,Printer,2,201.24,0.15,342.11,224.0,118.11,Partner,PayPal,5
ORD-00291,2026-02-25,C1348,Consumer,Central,Ottawa,Electronics,Webcam,2,121.41,0.05,230.68,110.0,120.68,Online,Credit Card,5
ORD-00292,2026-02-10,C1406,Consumer,Central,Winnipeg,Accessories,Mouse,1,39.34,0,39.34,14.0,25.34,Online,PayPal,5
ORD-00293,2025-10-15,C1164,Consumer,Central,Winnipeg,Electronics,Monitor,10,256.84,0.1,2311.56,1450.0,861.56,Online,Bank Transfer,5
ORD-00294,2025-04-02,C1028,Consumer,West,Victoria,Accessories,Mouse,6,39.49,0.05,225.09,84.0,141.09,Online,Credit Card,4
ORD-00295,2025-11-15,C1428,Corporate,East,Halifax,Furniture,Standing Desk,1,533.09,0,533.09,330.0,203.09,Partner,Debit Card,3
ORD-00296,2025-02-03,C1063,Consumer,Central,Toronto,Furniture,Office Chair,3,334.46,0.05,953.21,555.0,398.21,Retail Store,Debit Card,3
ORD-00297,2026-01-17,C1132,Corporate,Central,Winnipeg,Electronics,Webcam,1,115.95,0,115.95,55.0,60.95,Retail Store,PayPal,4
ORD-00298,2025-01-29,C1105,Small Business,Central,Toronto,Accessories,Keyboard,5,68.07,0,340.35,140.0,200.35,Online,Bank Transfer,5
ORD-00299,2026-06-10,C1311,Consumer,West,Calgary,Electronics,Laptop,2,875.13,0.1,1575.23,1240.0,335.23,Online,PayPal,5
ORD-00300,2026-03-10,C1052,Consumer,Central,Ottawa,Electronics,Webcam,1,118.76,0.15,100.95,55.0,45.95,Retail Store,PayPal,3
ORD-00301,2025-10-17,C1335,Consumer,Central,Winnipeg,electronics,Monitor,2,244.41,0,488.82,290.0,198.82,Online,Debit Card,5
ORD-00302,2025-06-03,C1369,Corporate,East,Montreal,Electronics,Laptop,4,916.26,0.1,3298.54,2480.0,818.54,Retail Store,Bank Transfer,3
ORD-00303,2025-10-30,C1371,Consumer,Central,Ottawa,Furniture,Standing Desk,2,532.94,0.05,1012.59,660.0,352.59,Retail Store,Bank Transfer,4
ORD-00304,2026-01-03,C1132,Corporate,East,Quebec City,Accessories,Keyboard,5,67.39,0,336.95,140.0,196.95,Online,PayPal,4
ORD-00305,2025-04-02,C1150,Consumer,West,Victoria,Accessories,Mouse,3,39.03,0,117.09,42.0,75.09,Retail Store,Credit Card,
ORD-00306,2026-04-27,C1348,Small Business,West,Calgary,Electronics,Printer,2,192.39,0,384.78,224.0,160.78,Online,PayPal,5
ORD-00307,2026-02-28,C1073,Consumer,West,Vancouver,Accessories,Keyboard,10,73.4,0.15,623.9,280.0,343.9,Partner,Debit Card,5
ORD-00308,2025-03-24,C1295,Consumer,Central,Ottawa,Accessories,Keyboard,1,71.9,0,71.9,28.0,43.9,Online,Bank Transfer,4
ORD-00309,2025-04-01,C1102,Consumer,West,Calgary,Furniture,Standing Desk,3,524.57,0,1573.71,990.0,583.71,Partner,Credit Card,5
ORD-00310,2025-11-26,C1052,Small Business,East,Montreal,Electronics,Laptop,3,885.98,0.1,2392.15,1860.0,532.15,Online,PayPal,5
ORD-00311,2025-06-21,C1351,Consumer,West,Vancouver,Accessories,Headset,8,89.39,0.05,679.36,304.0,375.36,Retail Store,PayPal,4
ORD-00312,2026-05-17,C1067,Corporate,Central,Toronto,Accessories,Keyboard,8,71.58,0,572.64,224.0,348.64,Online,Credit Card,4
ORD-00313,2026-06-01,C1319,Small Business,West,Vancouver,Furniture,Office Chair,3,338.94,0.1,915.14,555.0,360.14,Online,Credit Card,3
ORD-00314,2025-04-21,C1078,Consumer,East,Montreal,Electronics,Laptop,3,897.69,0.05,2558.42,1860.0,698.42,Online,Credit Card,4
ORD-00315,2025-11-05,C1261,Consumer,Central,Winnipeg,Electronics,Monitor,3,258.26,0,774.78,435.0,339.78,Retail Store,PayPal,4
ORD-00316,2025-04-27,C1209,Small Business,West,Victoria,Accessories,Mouse,3,39.42,0.2,94.61,42.0,52.61,Retail Store,Debit Card,5
ORD-00317,2025-02-10,C1056,Consumer,East,Quebec City,Accessories,Mouse,3,38.35,0,115.05,42.0,73.05,Online,Debit Card,
ORD-00318,2025-04-03,C1025,Small Business,East,Montreal,Electronics,Monitor,6,244.09,0.2,1171.63,870.0,301.63,Online,Debit Card,4
ORD-00319,2025-02-10,C1070,Consumer,Central,Ottawa,Furniture,Office Chair,2,313.81,0.15,533.48,370.0,163.48,Partner,PayPal,4
ORD-00320,2026-01-02,C1233,Consumer,Central,Winnipeg,Accessories,Headset,5,89.1,0,445.5,190.0,255.5,Retail Store,Bank Transfer,5
ORD-00321,2026-05-05,C1213,Small Business,Central,Winnipeg,Accessories,Keyboard,1,67.61,0.2,54.09,28.0,26.09,Online,Bank Transfer,
ORD-00322,2025-07-05,C1247,Corporate,East,Quebec City,Furniture,Office Chair,3,342.92,0.1,925.88,555.0,370.88,Partner,Credit Card,
ORD-00323,2026-02-26,C1295,Consumer,Central,Toronto,Electronics,Monitor,1,256.68,0.1,231.01,145.0,86.01,Retail Store,PayPal,4
ORD-00324,2026-06-16,C1197,Small Business,East,Halifax,Electronics,Printer,1,203.52,0,203.52,112.0,91.52,Online,Credit Card,4
ORD-00325,2025-01-12,C1123,Corporate,East,Montreal,Accessories,USB-C Hub,5,79.92,0,399.6,155.0,244.6,Partner,PayPal,5
ORD-00326,2025-02-21,C1229,Consumer,East,Montreal,Accessories,USB-C Hub,3,82.4,0.05,234.84,93.0,141.84,Online,Bank Transfer,4
ORD-00327,2026-04-03,C1422,Consumer,Central,Toronto,Electronics,Webcam,3,120.58,0,361.74,165.0,196.74,Online,PayPal,4
ORD-00328,2026-06-05,C1286,Consumer,East,Montreal,Electronics,Webcam,8,119.44,0,955.52,440.0,515.52,Online,PayPal,
ORD-00329,2026-04-09,C1191,Consumer,West,Vancouver,Accessories,Mouse,1,40.18,0.1,36.16,14.0,22.16,Retail Store,Credit Card,4
ORD-00330,2025-06-18,C1234,Small Business,Central, Toronto,Furniture,Standing Desk,1,544.1,0.15,462.49,330.0,132.49,Online,PayPal,4
ORD-00331,2025-04-21,C1255,Corporate,Central,Toronto,Electronics,Printer,1,200.07,0.05,190.07,112.0,78.07,Online,Credit Card,3
ORD-00332,2026-03-20,C1053,Corporate,East,Quebec City,Accessories,USB-C Hub,4,82.51,0,330.04,124.0,206.04,Retail Store,PayPal,5
ORD-00333,2026-06-01,C1231,Small Business,Central,Ottawa,Electronics,Printer,6,209.4,0.2,1005.12,672.0,333.12,Online,Debit Card,4
ORD-00334,2026-02-27,C1323,Small Business,East,Halifax,Accessories,USB-C Hub,1,83.47,0.1,75.12,31.0,44.12,Partner,Debit Card,4
ORD-00335,2025-08-03,C1091,Corporate,East,Halifax,Accessories,Headset,3,94.27,0.1,254.53,114.0,140.53,Online,Credit Card,5
ORD-00336,2025-12-27,C1449,Small Business,East,Quebec City,Electronics,Printer,3,206.82,0.1,558.41,336.0,222.41,Online,Credit Card,5
ORD-00337,2026-06-20,C1146,Small Business,West,Vancouver,Furniture,Standing Desk,1,531.34,0.1,478.21,330.0,148.21,Online,Debit Card,5
ORD-00338,2025-03-05,C1378,Consumer,East,Quebec City,Accessories,Mouse,4,41.46,0,165.84,56.0,109.84,Retail Store,Bank Transfer,4
ORD-00339,2025-09-01,C1350,Consumer,East,Halifax,Accessories,Headset,3,92.58,0.05,263.85,114.0,149.85,Online,Credit Card,5
ORD-00340,2025-01-14,C1360,Small Business,East,Quebec City,Accessories,Mouse,3,41.64,0.15,106.18,42.0,64.18,Partner,Debit Card,5
ORD-00341,2025-07-18,C1020,Consumer,Central,Ottawa,Accessories,Keyboard,10,67.33,0.1,605.97,280.0,325.97,Partner,PayPal,5
ORD-00342,2025-09-28,C1165,Consumer,West,Vancouver,Electronics,Printer,5,190.79,0.15,810.86,560.0,250.86,Online,PayPal,3
ORD-00343,2026-05-18,C1402,Small Business,East,Halifax,Furniture,Office Chair,1,330.67,0.2,264.54,185.0,79.54,Retail Store,Bank Transfer,4
ORD-00344,2026-02-18,C1316,Small Business,West,Victoria,Accessories,Mouse,5,41.79,0,208.95,70.0,138.95,Online,Credit Card,
ORD-00345,2025-04-28,C1164,Small Business,East,Quebec City,Electronics,Webcam,1,114.47,0,114.47,55.0,59.47,Partner,Credit Card,5
ORD-00346,2026-01-31,C1249,Consumer,Central,Winnipeg,Accessories,Headset,1,90.07,0.05,85.57,38.0,47.57,Retail Store,PayPal,3
ORD-00347,2025-07-17,C1033,Consumer,Central,Winnipeg,Electronics,Monitor,8,237.67,0.05,1806.29,1160.0,646.29,Partner,Debit Card,4
ORD-00348,2026-03-11,C1036,Corporate,West,Vancouver,Accessories,USB-C Hub,4,82.52,0.05,313.58,124.0,189.58,Retail Store,Credit Card,4
ORD-00349,2026-04-16,C1116,Consumer,East,Quebec City,Electronics,Laptop,1,906.74,0.05,861.4,620.0,241.4,Retail Store,Bank Transfer,5
ORD-00350,2026-02-02,C1316,Consumer,Central,Winnipeg,Furniture,Standing Desk,2,557.77,0.05,1059.76,660.0,399.76,Retail Store,Credit Card,4
ORD-00351,2025-03-16,C1195,Small Business,Central,Winnipeg,Electronics,Monitor,1,260.66,0,260.66,145.0,115.66,Retail Store,Credit Card,5
ORD-00352,2026-05-01,C1073,Consumer,West,Calgary,Accessories,Mouse,1,41.83,0.05,39.74,14.0,25.74,Retail Store,PayPal,5
ORD-00353,2025-01-12,C1156,Consumer,East,Halifax,Accessories,Keyboard,1,73.12,0.05,69.46,28.0,41.46,Retail Store,PayPal,4
ORD-00354,2025-08-05,C1343,Consumer,Central,Winnipeg,Accessories,USB-C Hub,1,76.91,0,76.91,31.0,45.91,Retail Store,Bank Transfer,3
ORD-00355,2025-03-16,C1343,Consumer,Central,Winnipeg,Electronics,Monitor,1,246.42,0.2,197.14,145.0,52.14,Retail Store,Credit Card,4
ORD-00356,2025-10-19,C1289,Consumer,East,Montreal,Accessories,Mouse,1,40.33,0,40.33,14.0,26.33,Retail Store,PayPal,5
ORD-00357,2026-03-15,C1068,Consumer,West,Vancouver,Furniture,Office Chair,1,341.21,0.05,324.15,185.0,139.15,Retail Store,Bank Transfer,5
ORD-00358,2026-04-19,C1423,Consumer,Central,Ottawa,Accessories,Headset,2,88.02,0,176.04,76.0,100.04,Retail Store,Debit Card,4
ORD-00359,2025-09-27,C1296,Corporate,East,Halifax,Electronics,Monitor,3,257.81,0.1,696.09,435.0,261.09,Retail Store,Debit Card,5
ORD-00360,2025-02-07,C1395,Consumer,East,Quebec City,Accessories,USB-C Hub,6,79.13,0,474.78,186.0,288.78,Retail Store,Debit Card,5
ORD-00361,2026-04-21,C1314,Consumer,East,Halifax,Electronics,Monitor,2,257.65,0.15,438.0,290.0,148.0,Retail Store,Debit Card,4
ORD-00362,2026-04-02,C1183,Small Business,West,Vancouver,Electronics,Printer,8,199.66,0.1,1437.55,896.0,541.55,Partner,Debit Card,3
ORD-00363,2026-05-15,C1240,Consumer,West,Vancouver,Accessories,Headset,2,88.74,0.15,150.86,76.0,74.86,Online,Credit Card,
ORD-00364,2025-02-10,C1278,Consumer,East,Quebec City,Electronics,Monitor,3,244.07,0.15,622.38,435.0,187.38,Retail Store,Bank Transfer,4
ORD-00365,2026-01-23,C1444,Consumer,Central,Winnipeg,Electronics,Monitor,2,246.31,0.05,467.99,290.0,177.99,Partner,Bank Transfer,5
ORD-00366,2026-05-09,C1076,Consumer,East,Montreal,Accessories,USB-C Hub,5,78.24,0.05,371.64,155.0,216.64,Online,Debit Card,4
ORD-00367,2026-01-06,C1245,Consumer,East,Halifax,Electronics,Monitor,3,254.37,0,763.11,435.0,328.11,Online,Debit Card,4
ORD-00368,2026-02-25,C1075,Small Business,West,Vancouver,Electronics,Laptop,1,935.16,0.05,888.4,620.0,268.4,Online,Debit Card,3
ORD-00369,2025-09-22,C1145,Small Business,West,Calgary,Furniture,Standing Desk,2,558.89,0.1,1006.0,660.0,346.0,Online,Debit Card,4
ORD-00370,2026-04-05,C1093,Corporate,East,Quebec City,Electronics,Webcam,1,123.84,0.1,111.46,55.0,56.46,Retail Store,Debit Card,5
ORD-00371,2025-12-17,C1350,Consumer,Central,Winnipeg,Electronics,Printer,3,200.44,0,601.32,336.0,265.32,Online,Debit Card,5
ORD-00372,2025-04-09,C1337,Corporate,West,Victoria,Electronics,Printer,2,191.85,0.1,345.33,224.0,121.33,Retail Store,Credit Card,4
ORD-00373,2026-03-18,C1393,Small Business,East,Quebec City,Furniture,Office Chair,5,329.4,0.15,1399.95,925.0,474.95,Online,PayPal,5
ORD-00374,2025-04-11,C1209,Consumer,Central,Toronto,Accessories,Headset,2,93.38,0,186.76,76.0,110.76,Partner,Debit Card,5
ORD-00375,2025-01-06,C1161,Consumer,East,Halifax,Electronics,Laptop,2,916.89,0.1,1650.4,1240.0,410.4,Online,PayPal,5
ORD-00376,2025-04-20,C1348,Corporate,West,Victoria,Electronics,Printer,1,195.5,0,195.5,112.0,83.5,Online,Debit Card,5
ORD-00377,2026-02-28,C1396,Small Business,East,Halifax,Electronics,Webcam,1,120.92,0.2,96.74,55.0,41.74,Online,Debit Card,5
ORD-00378,2025-05-02,C1410,Corporate,East,Montreal,Electronics,Webcam,4,123.42,0.05,469.0,220.0,249.0,Online,Debit Card,3
ORD-00379,2026-02-03,C1189,Consumer,East,Montreal,Electronics,Monitor,4,244.07,0,976.28,580.0,396.28,Retail Store,Credit Card,4
ORD-00380,2026-01-29,C1253,Corporate,Central,Winnipeg,Accessories,USB-C Hub,1,77.39,0.1,69.65,31.0,38.65,Online,Credit Card,
ORD-00381,2025-07-26,C1345,Small Business,East,Halifax,Accessories,Headset,1,91.03,0.1,81.93,38.0,43.93,Retail Store,PayPal,3
ORD-00382,2025-09-02,C1102,Consumer,East,Montreal,Accessories,Keyboard,1,69.33,0.1,62.4,28.0,34.4,Online,Credit Card,3
ORD-00383,2025-04-03,C1099,Consumer,East,Quebec City,Accessories,USB-C Hub,6,80.84,0,485.04,186.0,299.04,Partner,Bank Transfer,
ORD-00384,2025-01-05,C1262,Small Business,Central,Toronto,Furniture,Standing Desk,2,528.93,0,1057.86,660.0,397.86,Retail Store,PayPal,5
ORD-00385,2026-03-30,C1300,Small Business,Central,Winnipeg,Electronics,Webcam,4,119.52,0.05,454.18,220.0,234.18,Partner,Bank Transfer,3
ORD-00386,2025-04-30,C1180,Corporate,Central,Toronto,Furniture,Standing Desk,3,539.86,0,1619.58,990.0,629.58,Retail Store,PayPal,3
ORD-00387,2025-09-12,C1181,Corporate,Central,Toronto,Furniture,Standing Desk,3,548.7,0.15,1399.19,990.0,409.19,Online,PayPal,4
ORD-00388,2025-07-07,C1103,Consumer,East,Halifax,Accessories,Mouse,2,38.82,0.15,65.99,28.0,37.99,Retail Store,PayPal,4
ORD-00389,2025-06-09,C1021,Small Business,West,Vancouver,Electronics,Monitor,3,251.03,0.1,677.78,435.0,242.78,Retail Store,PayPal,
ORD-00390,2025-11-19,C1065,Corporate,Central,Winnipeg,Accessories,Headset,4,87.49,0,349.96,152.0,197.96,Partner,Bank Transfer,3
ORD-00391,2026-05-05,C1265,Corporate,East,Montreal,Accessories,USB-C Hub,1,76.95,0.05,73.1,31.0,42.1,Retail Store,PayPal,
ORD-00392,2025-01-09,C1134,Consumer,West,Calgary,Accessories,Mouse,2,38.74,0.15,65.86,28.0,37.86,Online,PayPal,4
ORD-00393,2026-04-28,C1205,Consumer,East,Quebec City,Furniture,Office Chair,1,325.54,0.1,292.99,185.0,107.99,Online,Bank Transfer,5
ORD-00394,2025-07-04,C1438,Corporate,East,Montreal,Electronics,Printer,3,201.1,0.1,542.97,336.0,206.97,Retail Store,Debit Card,5
ORD-00395,2025-05-30,C1264,Consumer,East,Montreal,Electronics,Webcam,4,124.18,0.2,397.38,220.0,177.38,Online,Bank Transfer,5
ORD-00396,2025-11-04,C1049,Consumer,Central,Winnipeg,Electronics,Printer,3,195.08,0,585.24,336.0,249.24,Online,PayPal,
ORD-00397,2025-09-24,C1347,Corporate,Central,Ottawa,Accessories,USB-C Hub,2,78.8,0.05,149.72,62.0,87.72,Online,Debit Card,4
ORD-00398,2025-10-19,C1323,Small Business,Central,Ottawa,Accessories,USB-C Hub,2,78.28,0,156.56,62.0,94.56,Partner,Debit Card,4
ORD-00399,2025-12-12,C1334,Corporate,Central,Winnipeg,Electronics,Printer,3,194.55,0,583.65,336.0,247.65,Online,PayPal,5
ORD-00400,2026-02-09,C1064,Consumer,Central,Ottawa,Furniture,Office Chair,3,341.68,0,1025.04,555.0,470.04,Online,PayPal,4
ORD-00401,2025-03-23,C1203,Consumer,West,Vancouver,Furniture,Standing Desk,1,523.94,0.05,497.74,330.0,167.74,Partner,Credit Card,4
ORD-00402,2025-09-26,C1320,Corporate,East,Montreal,Electronics,Monitor,3,244.59,0,733.77,435.0,298.77,Online,Debit Card,4
ORD-00403,2026-06-24,C1276,Corporate,West,Vancouver,Electronics,Laptop,3,942.74,0.05,2686.81,1860.0,826.81,Online,Bank Transfer,5
ORD-00404,2025-05-19,C1327,Consumer,East,Halifax,Accessories,Keyboard,2,69.53,0.15,118.2,56.0,62.2,Retail Store,PayPal,5
ORD-00405,2026-05-09,C1417,Consumer,East,Montreal,Electronics,Monitor,2,237.49,0,474.98,290.0,184.98,Online,PayPal,4
ORD-00406,2025-10-21,C1408,Consumer,Central,Winnipeg,Electronics,Laptop,3,923.92,0,2771.76,1860.0,911.76,Retail Store,Debit Card,5
ORD-00407,2025-01-08,C1199,Small Business,East,Quebec City,Accessories,Mouse,2,40.94,0,81.88,28.0,53.88,Online,Debit Card,5
ORD-00408,2025-09-27,C1332,Small Business,West,Victoria,Accessories,Mouse,2,39.08,0.1,70.34,28.0,42.34,Retail Store,Bank Transfer,5
ORD-00409,2025-07-12,C1096,Small Business,West,Vancouver,Accessories,Keyboard,1,70.85,0,70.85,28.0,42.85,Retail Store,Credit Card,5
ORD-00410,2025-06-05,C1119,Consumer,West,Calgary,Electronics,Laptop,1,920.43,0.1,828.39,620.0,208.39,Online,Debit Card,4
ORD-00411,2025-01-16,C1016,Small Business,Central,Toronto,Furniture,Office Chair,2,336.49,0,672.98,370.0,302.98,Online,Credit Card,5
ORD-00412,2025-05-30,C1424,Consumer,West,Victoria,Furniture,Standing Desk,1,567.44,0.15,482.32,330.0,152.32,Online,Credit Card,3
ORD-00413,2025-09-12,C1106,Consumer,Central,Ottawa,Accessories,Mouse,3,40.07,0.1,108.19,42.0,66.19,Online,Bank Transfer,
ORD-00414,2025-11-16,C1026,Consumer,Central,Toronto,Electronics,Laptop,4,881.88,0.05,3351.14,2480.0,871.14,Online,Credit Card,4
ORD-00415,2025-08-30,C1021,Small Business,East,Quebec City,Furniture,Office Chair,1,321.51,0,321.51,185.0,136.51,Retail Store,Debit Card,
ORD-00416,2026-01-16,C1030,Small Business,West,Vancouver,Accessories,Keyboard,2,71.81,0.2,114.9,56.0,58.9,Online,PayPal,3
ORD-00417,2025-06-07,C1412,Consumer,East,Halifax,Electronics,Monitor,1,256.41,0.1,230.77,145.0,85.77,Partner,Debit Card,
ORD-00418,2025-01-22,C1277,Consumer,East,Quebec City,Furniture,Office Chair,3,331.94,0.1,896.24,555.0,341.24,Online,Debit Card,
ORD-00419,2025-07-11,C1035,Consumer,East,Quebec City,Furniture,Office Chair,3,331.79,0.15,846.06,555.0,291.06,Retail Store,Bank Transfer,4
ORD-00420,2025-10-30,C1317,Small Business,Central,Winnipeg,Furniture,Office Chair,2,342.63,0.1,616.73,370.0,246.73,Retail Store,Debit Card,5
ORD-00421,2025-11-25,C1165,Consumer,East,Montreal,Accessories,USB-C Hub,5,77.22,0.1,347.49,155.0,192.49,Retail Store,PayPal,5
ORD-00422,2025-04-24,C1098,Corporate,West,Calgary,Electronics,Monitor,1,240.17,0,240.17,145.0,95.17,Online,Credit Card,4
ORD-00423,2026-02-02,C1006,Small Business,East,Quebec City,Accessories,USB-C Hub,3,81.73,0,245.19,93.0,152.19,Online,Bank Transfer,4
ORD-00424,2025-03-23,C1029,Small Business,Central,Winnipeg,Electronics,Laptop,2,926.47,0.15,1575.0,1240.0,335.0,Partner,Credit Card,5
ORD-00425,2025-03-14,C1269,Consumer,Central,Toronto,Accessories,Mouse,8,38.75,0.05,294.5,112.0,182.5,Retail Store,Debit Card,4
ORD-00426,2026-03-02,C1092,Consumer,East,Montreal,Electronics,Printer,2,193.33,0.15,328.66,224.0,104.66,Retail Store,PayPal,5
ORD-00427,2025-06-11,C1211,Corporate,East,Halifax,Electronics,Webcam,8,124.13,0.2,794.43,440.0,354.43,Retail Store,PayPal,5
ORD-00428,2025-09-04,C1203,Small Business,East,Halifax,Accessories,Mouse,2,39.8,0,79.6,28.0,51.6,Retail Store,Credit Card,3
ORD-00429,2025-10-19,C1161,Corporate,East,Montreal,Accessories,USB-C Hub,1,77.71,0.2,62.17,31.0,31.17,Online,PayPal,3
ORD-00430,2026-06-08,C1298,Consumer,East,Halifax,Electronics,Printer,1,197.33,0,197.33,112.0,85.33,Online,Debit Card,4
ORD-00431,2025-09-20,C1088,Corporate,Central,Toronto,Electronics,Printer,2,205.85,0.1,370.53,224.0,146.53,Retail Store,Credit Card,
ORD-00432,2025-11-04,C1213,Small Business,West,Calgary,Electronics,Printer,3,207.59,0,622.77,336.0,286.77,Partner,Debit Card,4
ORD-00433,2025-01-12,C1357,Consumer,East,Halifax,Furniture,Standing Desk,1,540.47,0.05,513.45,330.0,183.45,Online,Debit Card,4
ORD-00434,2025-02-21,C1402,Small Business,East,Halifax,Furniture,Standing Desk,10,546.25,0,5462.5,3300.0,2162.5,Retail Store,Debit Card,5
ORD-00435,2025-05-16,C1396,Consumer,Central,Toronto,Electronics,Webcam,2,120.01,0,240.02,110.0,130.02,Online,Debit Card,4
ORD-00436,2026-05-08,C1124,Small Business,East,Montreal,Electronics,Webcam,2,120.28,0.2,192.45,110.0,82.45,Retail Store,PayPal,4
ORD-00437,2026-03-17,C1304,Small Business,Central,Winnipeg,Electronics,Printer,1,196.4,0,196.4,112.0,84.4,Online,PayPal,3
ORD-00438,2025-06-23,C1079,Consumer,Central,Winnipeg,Electronics,Webcam,3,122.21,0,366.63,165.0,201.63,Partner,Credit Card,4
ORD-00439,2025-02-25,C1230,Corporate,West,Calgary,Accessories,Keyboard,5,67.27,0.1,302.71,140.0,162.71,Online,Credit Card,
ORD-00440,2025-12-06,C1355,Consumer,West,Calgary,Accessories,USB-C Hub,1,80.97,0.05,76.92,31.0,45.92,Retail Store,Bank Transfer,3
ORD-00441,2026-06-24,C1004,Consumer,West,Victoria,Accessories,Keyboard,1,69.74,0,69.74,28.0,41.74,Retail Store,Bank Transfer,4
ORD-00442,2025-10-05,C1194,Consumer,East,Halifax,Furniture,Office Chair,5,321.12,0.1,1445.04,925.0,520.04,Partner,PayPal,4
ORD-00443,2026-05-12,C1126,Consumer,East,Halifax,Electronics,Monitor,1,238.03,0.15,202.33,145.0,57.33,Online,PayPal,5
ORD-00444,2026-05-17,C1256,Small Business,Central,Winnipeg,Accessories,Keyboard,1,73.46,0,73.46,28.0,45.46,Online,Credit Card,5
ORD-00445,2025-09-21,C1373,Consumer,Central,Toronto,Accessories,USB-C Hub,8,77.09,0,616.72,248.0,368.72,Online,Debit Card,5
ORD-00446,2026-03-04,C1334,Consumer,West,Calgary,Accessories,Keyboard,2,67.41,0.05,128.08,56.0,72.08,Retail Store,Debit Card,4
ORD-00447,2025-05-22,C1289,Consumer,Central,Winnipeg,Accessories,USB-C Hub,6,81.24,0.1,438.7,186.0,252.7,Partner,PayPal,4
ORD-00448,2025-03-11,C1211,Corporate,East,Halifax,Electronics,Monitor,1,245.46,0,245.46,145.0,100.46,Online,PayPal,5
ORD-00449,2026-03-30,C1315,Consumer,East,Halifax,Accessories,Headset,1,94.36,0,94.36,38.0,56.36,Online,Debit Card,5
ORD-00450,2025-08-26,C1364,Small Business,West,Calgary,Electronics,Laptop,2,909.41,0.05,1727.88,1240.0,487.88,Online,Debit Card,5
ORD-00451,2026-02-01,C1211,Consumer,Central,Ottawa,Accessories,Keyboard,1,72.97,0.2,58.38,28.0,30.38,Online,Debit Card,4
ORD-00452,2025-07-29,C1207,Consumer,West,Vancouver,Electronics,Webcam,5,116.95,0.05,555.51,275.0,280.51,Online,Bank Transfer,3
ORD-00453,2025-11-17,C1233,Consumer,Central,Winnipeg,Electronics,Printer,3,200.4,0.1,541.08,336.0,205.08,Partner,Debit Card,3
ORD-00454,2026-06-16,C1203,Consumer,East,Quebec City,Electronics,Laptop,2,881.2,0,1762.4,1240.0,522.4,Retail Store,PayPal,5
ORD-00455,2026-04-18,C1231,Consumer,West,Victoria,Accessories,Headset,3,92.96,0,278.88,114.0,164.88,Retail Store,Credit Card,4
ORD-00456,2025-07-04,C1364,Consumer,East,Halifax,Accessories,USB-C Hub,1,80.71,0,80.71,31.0,49.71,Online,Bank Transfer,4
ORD-00457,2025-04-03,C1268,Consumer,Central,Ottawa,Accessories,Keyboard,3,69.03,0.05,196.74,84.0,112.74,Online,Debit Card,5
ORD-00458,2026-01-23,C1444,Corporate,East,Quebec City,Electronics,Laptop,4,868.5,0.1,3126.6,2480.0,646.6,Retail Store,Debit Card,4
ORD-00459,2025-02-22,C1103,Corporate,Central,Ottawa,Accessories,Headset,3,93.58,0,280.74,114.0,166.74,Online,PayPal,3
ORD-00460,2025-01-13,C1243,Consumer,Central,Ottawa,Electronics,Webcam,2,121.06,0,242.12,110.0,132.12,Partner,Bank Transfer,
ORD-00461,2026-03-29,C1106,Corporate,West,Calgary,Electronics,Printer,1,206.39,0.1,185.75,112.0,73.75,Online,Debit Card,3
ORD-00462,2025-06-01,C1044,Corporate,West,Calgary,Furniture,Office Chair,1,323.34,0.15,274.84,185.0,89.84,Retail Store,Credit Card,3
ORD-00463,2026-03-03,C1233,Small Business,West,Vancouver,Accessories,Headset,3,87.09,0.1,235.14,114.0,121.14,Retail Store,Credit Card,5
ORD-00464,2025-04-06,C1241,Corporate,Central,Ottawa,Furniture,Office Chair,6,315.63,0.15,1609.71,1110.0,499.71,Retail Store,Credit Card,4
ORD-00465,2025-10-09,C1322,Small Business,Central,Winnipeg,Furniture,Standing Desk,2,562.62,0,1125.24,660.0,465.24,Retail Store,Bank Transfer,4
ORD-00466,2025-10-22,C1254,Small Business,Central,Winnipeg,Furniture,Office Chair,1,333.76,0.15,283.7,185.0,98.7,Retail Store,Bank Transfer,
ORD-00467,2025-07-04,C1434,Consumer,East,Montreal,Accessories,Headset,10,86.55,0.1,778.95,380.0,398.95,Online,Bank Transfer,4
ORD-00468,2026-02-28,C1404,Small Business,West,Victoria,Furniture,Office Chair,2,322.78,0,645.56,370.0,275.56,Online,PayPal,4
ORD-00469,2025-11-04,C1426,Consumer,East,Halifax,Furniture,Office Chair,4,332.26,0,1329.04,740.0,589.04,Online,Debit Card,4
ORD-00470,2025-12-05,C1171,Small Business,Central,Winnipeg,Electronics,Webcam,8,121.52,0.05,923.55,440.0,483.55,Retail Store,Bank Transfer,
ORD-00471,2025-02-27,C1409,Consumer,East,Quebec City,Electronics,Printer,3,203.7,0,611.1,336.0,275.1,Retail Store,Credit Card,5
ORD-00472,2025-06-02,C1304,Small Business,Central,Toronto,Furniture,Office Chair,10,326.35,0.05,3100.32,1850.0,1250.32,Retail Store,PayPal,4
ORD-00473,2025-11-19,C1268,Consumer,East,Montreal,Accessories,Headset,2,94.05,0.05,178.69,76.0,102.69,Online,Debit Card,5
ORD-00474,2025-04-25,C1097,Consumer,Central,Toronto,Accessories,Mouse,6,39.99,0.05,227.94,84.0,143.94,Online,Bank Transfer,5
ORD-00475,2026-06-21,C1105,Consumer,Central,Ottawa,Accessories,Keyboard,4,73.44,0.05,279.07,112.0,167.07,Partner,Bank Transfer,3
ORD-00476,2026-02-01,C1239,Corporate,East,Halifax,Electronics,Monitor,1,239.67,0.05,227.69,145.0,82.69,Retail Store,Credit Card,3
ORD-00477,2026-06-18,C1146,Small Business,East,Halifax,Accessories,Headset,1,87.3,0,87.3,38.0,49.3,Retail Store,PayPal,5
ORD-00478,2026-03-28,C1105,Consumer,East,Montreal,Accessories,Headset,1,90.12,0.1,81.11,38.0,43.11,Online,PayPal,5
ORD-00479,2025-10-05,C1025,Consumer,West,Calgary,Accessories,Headset,2,90.36,0.15,153.61,76.0,77.61,Online,Credit Card,4
ORD-00480,2026-04-28,C1322,Consumer,East,Montreal,Electronics,Monitor,2,259.77,0.1,467.59,290.0,177.59,Online,PayPal,
ORD-00481,2025-11-16,C1239,Corporate,Central,Toronto,Accessories,USB-C Hub,3,76.73,0.05,218.68,93.0,125.68,Retail Store,Bank Transfer,4
ORD-00482,2025-11-14,C1200,Corporate,East,Halifax,Electronics,Webcam,3,117.09,0.15,298.58,165.0,133.58,Online,PayPal,4
ORD-00483,2025-11-29,C1309,Consumer,Central,Ottawa,Electronics,Laptop,2,880.39,0.15,1496.66,1240.0,256.66,Online,Credit Card,4
ORD-00484,2026-02-20,C1122,Consumer,East,Montreal,Furniture,Office Chair,2,332.98,0.05,632.66,370.0,262.66,Online,Debit Card,4
ORD-00485,2026-05-09,C1175,Small Business,Central,Toronto,Furniture,Office Chair,1,332.21,0.2,265.77,185.0,80.77,Online,Debit Card,4
ORD-00486,2025-03-21,C1227,Consumer,East,Halifax,Electronics,Printer,5,191.94,0,959.7,560.0,399.7,Retail Store,PayPal,4
ORD-00487,2026-02-20,C1031,Small Business,West,Calgary,Electronics,Monitor,3,253.61,0,760.83,435.0,325.83,Retail Store,Debit Card,4
ORD-00488,2025-05-23,C1228,Small Business,East,Halifax,Electronics,Laptop,4,910.39,0,3641.56,2480.0,1161.56,Online,Debit Card,4
ORD-00489,2025-11-21,C1004,Corporate,Central,Winnipeg,Accessories,Headset,8,94.4,0.15,641.92,304.0,337.92,Retail Store,Debit Card,5
ORD-00490,2025-10-29,C1144,Consumer,West,Victoria,Accessories,USB-C Hub,8,76.87,0.2,491.97,248.0,243.97,Retail Store,Debit Card,3
ORD-00491,2026-03-19,C1088,Small Business,East,Halifax,Furniture,Standing Desk,3,534.11,0.05,1522.21,990.0,532.21,Online,Debit Card,
ORD-00492,2025-07-12,C1036,Consumer,East,Quebec City,Furniture,Office Chair,5,317.92,0.1,1430.64,925.0,505.64,Partner,Debit Card,3
ORD-00493,2026-05-14,C1309,Small Business,East,Quebec City,Accessories,Keyboard,1,72.01,0.05,68.41,28.0,40.41,Online,Debit Card,5
ORD-00494,2026-04-11,C1255,Consumer,East,Quebec City,Accessories,USB-C Hub,4,76.05,0.05,288.99,124.0,164.99,Online,PayPal,4
ORD-00495,2026-02-25,C1353,Consumer,East,Halifax,Furniture,Office Chair,1,332.64,0,332.64,185.0,147.64,Online,Debit Card,4
ORD-00496,2026-06-24,C1342,Corporate,Central,Ottawa,Accessories,USB-C Hub,1,81.92,0.05,77.82,31.0,46.82,Online,PayPal,4
ORD-00497,2025-02-24,C1408,Consumer,Central,Winnipeg,Electronics,Laptop,2,892.88,0.1,1607.18,1240.0,367.18,Online,PayPal,5
ORD-00498,2025-06-21,C1086,Small Business,West,Calgary,Electronics,Printer,3,199.45,0,598.35,336.0,262.35,Retail Store,PayPal,3
ORD-00499,2025-01-28,C1140,Consumer,Central,Ottawa,Electronics,Monitor,1,252.88,0,252.88,145.0,107.88,Retail Store,Credit Card,5
ORD-00500,2025-04-25,C1120,Small Business,East,Montreal,Electronics,Printer,3,205.64,0,616.92,336.0,280.92,Online,Debit Card,
ORD-00501,2026-06-25,C1211,Small Business,West,Victoria,Electronics,Monitor,8,256.31,0.15,1742.91,1160.0,582.91,Retail Store,Debit Card,5
ORD-00502,2026-03-27,C1059,Small Business,East,Halifax,Accessories,Keyboard,1,71.78,0.1,64.6,28.0,36.6,Online,Debit Card,3
ORD-00503,2026-04-21,C1199,Corporate,Central,Ottawa,Accessories,Headset,2,91.64,0,183.28,76.0,107.28,Partner,PayPal,
ORD-00504,2025-05-29,C1021,Small Business,East,Quebec City,Electronics,Laptop,1,902.71,0,902.71,620.0,282.71,Online,PayPal,4
ORD-00505,2026-03-19,C1395,Consumer,East,Halifax,Accessories,Headset,1,89.01,0.1,80.11,38.0,42.11,Online,Debit Card,4
ORD-00506,2026-06-17,C1268,Consumer,Central,Winnipeg,Accessories,Keyboard,1,69.37,0,69.37,28.0,41.37,Online,Bank Transfer,4
ORD-00507,2025-12-26,C1306,Consumer,West,Calgary,Accessories,Headset,1,90.84,0,90.84,38.0,52.84,Retail Store,Credit Card,4
ORD-00508,2025-03-30,C1356,Corporate,East,Montreal,Furniture,Standing Desk,3,571.77,0.2,1372.25,990.0,382.25,Retail Store,PayPal,4
ORD-00509,2025-10-29,C1394,Corporate,Central,Winnipeg,Electronics,Monitor,3,260.07,0.05,741.2,435.0,306.2,Online,PayPal,5
ORD-00510,2025-06-15,C1225,Consumer,West,Victoria,Electronics,Laptop,2,878.81,0.2,1406.1,1240.0,166.1,Online,Bank Transfer,4
ORD-00511,2025-07-25,C1054,Consumer,East,Quebec City,Accessories,Keyboard,3,70.79,0.05,201.75,84.0,117.75,Retail Store,PayPal,
ORD-00512,2025-04-16,C1327,Consumer,West,Vancouver,Electronics,Monitor,2,241.21,0.15,410.06,290.0,120.06,Online,Credit Card,3
ORD-00513,2026-02-04,C1223,Small Business,Central,Toronto,Furniture,Office Chair,6,329.68,0.15,1681.37,1110.0,571.37,Retail Store,Credit Card,5
ORD-00514,2025-08-20,C1028,Consumer,West,Victoria,Electronics,Webcam,1,117.62,0,117.62,55.0,62.62,Partner,PayPal,4
ORD-00515,2025-12-15,C1199,Consumer,West,Victoria,Accessories,Headset,5,87.21,0,436.05,190.0,246.05,Online,PayPal,4
ORD-00516,2026-05-14,C1250,Consumer,West,Calgary,Electronics,Webcam,3,121.11,0.1,327.0,165.0,162.0,Online,Credit Card,5
ORD-00517,2025-11-12,C1060,Consumer,Central,Winnipeg,Electronics,Webcam,9,122.64,0,1103.76,495.0,608.76,Online,Bank Transfer,4
ORD-00518,2025-06-02,C1316,Consumer,East,Halifax,Accessories,Mouse,6,39.87,0.1,215.3,84.0,131.3,Online,Debit Card,3
ORD-00519,2025-05-14,C1032,Corporate,West,Vancouver,Electronics,Laptop,6,930.17,0.05,5301.97,3720.0,1581.97,Online,Credit Card,4
ORD-00520,2026-05-25,C1205,Consumer,East,Halifax,Accessories,Mouse,1,40.94,0.15,34.8,14.0,20.8,Online,Credit Card,5
ORD-00521,2025-05-21,C1356,Consumer,Central,Toronto,Electronics,Laptop,2,892.35,0,1784.7,1240.0,544.7,Online,Debit Card,5
ORD-00522,2026-03-26,C1450,Small Business,West,Calgary,Electronics,Laptop,1,869.19,0,869.19,620.0,249.19,Retail Store,Credit Card,
ORD-00523,2025-01-07,C1243,Small Business,West,Vancouver,Electronics,Monitor,3,257.3,0.1,694.71,435.0,259.71,Online,Debit Card,4
ORD-00524,2025-05-27,C1367,Consumer,East,Quebec City,Accessories,USB-C Hub,2,80.76,0.1,145.37,62.0,83.37,Online,Credit Card,
ORD-00525,2025-11-05,C1259,Consumer,Central,Ottawa,Electronics,Laptop,4,910.69,0.2,2914.21,2480.0,434.21,Partner,Bank Transfer,4
ORD-00526,2025-08-02,C1081,Consumer,Central,Toronto,Accessories,Mouse,1,39.98,0.15,33.98,14.0,19.98,Retail Store,Credit Card,3
ORD-00527,2026-01-08,C1026,Small Business,Central,Toronto,Furniture,Standing Desk,1,528.23,0.05,501.82,330.0,171.82,Partner,Debit Card,4
ORD-00528,2025-01-30,C1382,Consumer,Central,Winnipeg,Electronics,Monitor,1,247.97,0.05,235.57,145.0,90.57,Online,Debit Card,5
ORD-00529,2025-04-23,C1299,Consumer,Central,Toronto,Electronics,Monitor,1,239.33,0.15,203.43,145.0,58.43,Online,Credit Card,
ORD-00530,2026-03-23,C1138,Consumer,West,Vancouver,Electronics,Printer,2,202.63,0.1,364.73,224.0,140.73,Online,PayPal,4
ORD-00531,2025-05-11,C1175,Consumer,West,Calgary,Electronics,Printer,1,193.41,0.05,183.74,112.0,71.74,Partner,PayPal,4
ORD-00532,2025-06-10,C1441,Small Business,East,Halifax,Accessories,Keyboard,2,70.14,0.05,133.27,56.0,77.27,Online,Bank Transfer,4
ORD-00533,2026-04-19,C1302,Consumer,Central, Toronto,Furniture,Standing Desk,3,571.54,0.05,1628.89,990.0,638.89,Online,Credit Card,4
ORD-00534,2026-03-04,C1356,Consumer,West,Vancouver,Electronics,Webcam,3,123.71,0,371.13,165.0,206.13,Online,Bank Transfer,4
ORD-00535,2026-05-23,C1122,Small Business,West,Vancouver,Accessories,USB-C Hub,4,78.86,0,315.44,124.0,191.44,Online,Credit Card,4
ORD-00536,2026-05-07,C1395,Corporate,East,Quebec City,Accessories,Keyboard,3,69.67,0,209.01,84.0,125.01,Retail Store,Bank Transfer,4
ORD-00537,2025-07-09,C1271,Consumer,Central,Winnipeg,Electronics,Webcam,3,122.28,0,366.84,165.0,201.84,Retail Store,PayPal,3
ORD-00538,2026-03-13,C1376,Small Business,Central,Winnipeg,Electronics,Printer,2,207.61,0,415.22,224.0,191.22,Retail Store,PayPal,3
ORD-00539,2025-02-22,C1287,Consumer,West,Victoria,Furniture,Office Chair,2,336.75,0.1,606.15,370.0,236.15,Online,Debit Card,4
ORD-00540,2025-12-09,C1389,Small Business,West,Calgary,Electronics,Monitor,5,255.06,0.15,1084.0,725.0,359.0,Retail Store,PayPal,4
ORD-00541,2025-12-28,C1240,Consumer,Central,Winnipeg,Furniture,Standing Desk,1,551.46,0.05,523.89,330.0,193.89,Online,Bank Transfer,5
ORD-00542,2026-01-12,C1039,Corporate,East,Halifax,Electronics,Monitor,1,241.96,0,241.96,145.0,96.96,Online,Debit Card,4
ORD-00543,2025-10-10,C1349,Corporate,West,Calgary,Accessories,Keyboard,2,68.54,0.1,123.37,56.0,67.37,Retail Store,Bank Transfer,4
ORD-00544,2025-12-22,C1171,Consumer,Central,Ottawa,Electronics,Laptop,3,940.26,0,2820.78,1860.0,960.78,Partner,PayPal,5
ORD-00545,2025-12-01,C1404,Consumer,Central,Winnipeg,Accessories,USB-C Hub,5,82.3,0,411.5,155.0,256.5,Online,Debit Card,5
ORD-00546,2026-05-11,C1274,Consumer,Central,Ottawa,Electronics,Laptop,1,869.46,0.05,825.99,620.0,205.99,Partner,Debit Card,5
ORD-00547,2025-06-29,C1189,Consumer,East,Halifax,Accessories,Keyboard,1,69.58,0.05,66.1,28.0,38.1,Partner,Debit Card,4
ORD-00548,2025-02-05,C1012,Consumer,East,Quebec City,Furniture,Office Chair,1,317.5,0.05,301.62,185.0,116.62,Partner,Bank Transfer,5
ORD-00549,2025-05-29,C1242,Small Business,Central,Ottawa,Accessories,Keyboard,1,71.43,0,71.43,28.0,43.43,Partner,Debit Card,5
ORD-00550,2026-03-29,C1205,Corporate,Central,Winnipeg,Electronics,Monitor,3,245.19,0.05,698.79,435.0,263.79,Online,Bank Transfer,4
ORD-00551,2026-01-01,C1100,Consumer,West,Victoria,Electronics,Laptop,3,924.03,0.1,2494.88,1860.0,634.88,Retail Store,Credit Card,3
ORD-00552,2026-04-02,C1028,Consumer,East,Halifax,Electronics,Monitor,10,250.28,0.05,2377.66,1450.0,927.66,Online,Bank Transfer,5
ORD-00553,2025-06-01,C1287,Consumer,East,Quebec City,Furniture,Office Chair,2,328.19,0,656.38,370.0,286.38,Online,Debit Card,4
ORD-00554,2026-03-31,C1071,Corporate,East,Quebec City,Electronics,Webcam,1,124.75,0.05,118.51,55.0,63.51,Partner,Debit Card,4
ORD-00555,2025-08-01,C1209,Consumer,Central,Ottawa,Accessories,USB-C Hub,10,76.7,0.1,690.3,310.0,380.3,Partner,Bank Transfer,5
ORD-00556,2025-06-29,C1021,Consumer,East,Quebec City,Electronics,Printer,4,201.07,0,804.28,448.0,356.28,Online,PayPal,5
ORD-00557,2026-05-21,C1325,Small Business,East,Halifax,Electronics,Webcam,1,121.68,0,121.68,55.0,66.68,Online,Credit Card,
ORD-00558,2025-10-22,C1034,Small Business,Central,Toronto,Electronics,Webcam,6,119.91,0.1,647.51,330.0,317.51,Online,Bank Transfer,5
ORD-00559,2026-03-23,C1132,Corporate,Central,Winnipeg,Electronics,Webcam,10,114.2,0.1,1027.8,550.0,477.8,Online,Credit Card,4
ORD-00560,2025-05-30,C1024,Consumer,Central,Ottawa,Accessories,Keyboard,2,73.18,0.1,131.72,56.0,75.72,Online,PayPal,5
ORD-00561,2026-06-27,C1165,Small Business,East,Montreal,Accessories,USB-C Hub,1,77.33,0.05,73.46,31.0,42.46,Retail Store,PayPal,5
ORD-00562,2025-10-05,C1190,Small Business,East,Halifax,Furniture,Office Chair,1,330.59,0,330.59,185.0,145.59,Retail Store,Bank Transfer,
ORD-00563,2025-12-15,C1433,Consumer,West,Vancouver,Accessories,Mouse,3,40.44,0.15,103.12,42.0,61.12,Online,Bank Transfer,4
ORD-00564,2026-04-17,C1305,Consumer,West,Vancouver,Accessories,Keyboard,6,72.21,0,433.26,168.0,265.26,Online,Debit Card,5
ORD-00565,2025-11-08,C1040,Corporate,West,Calgary,Electronics,Monitor,1,240.62,0,240.62,145.0,95.62,Online,Credit Card,5
ORD-00566,2025-03-21,C1060,Consumer,West,Victoria,Furniture,Standing Desk,1,525.75,0.05,499.46,330.0,169.46,Retail Store,Credit Card,5
ORD-00567,2025-03-09,C1094,Small Business,Central,Winnipeg,Electronics,Laptop,4,936.1,0,3744.4,2480.0,1264.4,Partner,Credit Card,5
ORD-00568,2025-04-03,C1123,Consumer,West,Calgary,Accessories,Headset,8,92.05,0.05,699.58,304.0,395.58,Online,Credit Card,4
ORD-00569,2025-01-15,C1109,Consumer,East,Montreal,Accessories,Mouse,8,40.89,0,327.12,112.0,215.12,Retail Store,PayPal,
ORD-00570,2025-07-09,C1057,Consumer,Central,Winnipeg,Electronics,Monitor,1,243.18,0,243.18,145.0,98.18,Online,Credit Card,5
ORD-00571,2026-04-23,C1252,Consumer,West,Calgary,Accessories,Keyboard,2,67.07,0.1,120.73,56.0,64.73,Online,Bank Transfer,4
ORD-00572,2025-10-18,C1219,Corporate,Central,Winnipeg,Accessories,Headset,3,94.35,0.05,268.9,114.0,154.9,Online,Credit Card,4
ORD-00573,2026-05-03,C1346,Small Business,East,Quebec City,Accessories,Keyboard,1,70.15,0,70.15,28.0,42.15,Retail Store,Credit Card,4
ORD-00574,2025-05-27,C1101,Small Business,Central,Ottawa,Electronics,Printer,10,197.26,0,1972.6,1120.0,852.6,Partner,Debit Card,5
ORD-00575,2026-02-18,C1404,Consumer,West,Vancouver,Furniture,Standing Desk,3,537.5,0.05,1531.88,990.0,541.88,Retail Store,PayPal,5
ORD-00576,2026-05-03,C1250,Consumer,East,Halifax,Furniture,Standing Desk,10,529.21,0.05,5027.49,3300.0,1727.49,Online,Debit Card,
ORD-00577,2025-05-18,C1167,Consumer,West,Vancouver,Electronics,Laptop,5,909.4,0,4547.0,3100.0,1447.0,Online,PayPal,4
ORD-00578,2025-04-09,C1133,Small Business,West,Calgary,Accessories,USB-C Hub,4,79.91,0.1,287.68,124.0,163.68,Online,Credit Card,5
ORD-00579,2025-02-02,C1337,Corporate,Central,Toronto,Furniture,Standing Desk,2,532.22,0,1064.44,660.0,404.44,Online,Debit Card,5
ORD-00580,2026-05-19,C1350,Consumer,Central,Toronto,Accessories,Headset,3,91.43,0.1,246.86,114.0,132.86,Online,Bank Transfer,
ORD-00581,2025-06-10,C1145,Small Business,East,Montreal,Furniture,Standing Desk,1,564.65,0.1,508.19,330.0,178.19,Online,Credit Card,5
ORD-00582,2025-01-29,C1174,Consumer,East,Montreal,Accessories,Keyboard,5,72.73,0,363.65,140.0,223.65,Retail Store,Credit Card,5
ORD-00583,2026-03-15,C1352,Small Business,Central,Ottawa,Furniture,Standing Desk,2,555.08,0.1,999.14,660.0,339.14,Online,PayPal,4
ORD-00584,2025-04-28,C1215,Consumer,Central,Toronto,Electronics,Laptop,2,901.32,0.05,1712.51,1240.0,472.51,Retail Store,Credit Card,5
ORD-00585,2026-04-26,C1345,Consumer,East,Montreal,Furniture,Office Chair,2,316.79,0.1,570.22,370.0,200.22,Retail Store,PayPal,4
ORD-00586,2026-05-24,C1403,Consumer,East,Halifax,Furniture,Office Chair,1,334.46,0,334.46,185.0,149.46,Partner,Debit Card,4
ORD-00587,2025-10-22,C1432,Consumer,Central,Toronto,Accessories,Headset,10,86.32,0.1,776.88,380.0,396.88,Online,PayPal,4
ORD-00588,2025-10-07,C1411,Consumer,West,Calgary,Accessories,USB-C Hub,2,78.4,0.1,141.12,62.0,79.12,Retail Store,Bank Transfer,5
ORD-00589,2025-11-17,C1360,Consumer,West,Victoria,Furniture,Standing Desk,3,570.94,0.05,1627.18,990.0,637.18,Retail Store,Bank Transfer,4
ORD-00590,2025-08-07,C1289,Small Business,East,Halifax,Electronics,Webcam,1,124.87,0.15,106.14,55.0,51.14,Retail Store,Debit Card,3
ORD-00591,2026-01-09,C1425,Small Business,Central,Toronto,Accessories,Mouse,1,39.26,0.05,37.3,14.0,23.3,Online,Debit Card,4
ORD-00592,2026-02-27,C1125,Small Business,Central,Ottawa,Accessories,Keyboard,1,67.83,0,67.83,28.0,39.83,Online,Bank Transfer,5
ORD-00593,2026-05-13,C1411,Consumer,East,Quebec City,Furniture,Standing Desk,3,536.7,0,1610.1,990.0,620.1,Online,Debit Card,5
ORD-00594,2025-02-13,C1208,Corporate,East, Quebec City,Electronics,Laptop,1,860.71,0,860.71,620.0,240.71,Online,Credit Card,5
ORD-00595,2026-02-11,C1396,Small Business,East,Montreal,Accessories,Mouse,1,41.31,0.05,39.24,14.0,25.24,Partner,Bank Transfer,5
ORD-00596,2025-04-03,C1380,Consumer,West,Calgary,Electronics,Monitor,4,257.64,0.1,927.5,580.0,347.5,Retail Store,Bank Transfer,4
ORD-00597,2025-08-12,C1273,Consumer,West,Vancouver,Accessories,Keyboard,1,66.88,0.15,56.85,28.0,28.85,Online,Credit Card,5
ORD-00598,2025-11-21,C1188,Corporate,East,Quebec City,Electronics,Webcam,5,118.35,0.15,502.99,275.0,227.99,Partner,Credit Card,5
ORD-00599,2025-02-05,C1358,Small Business,East,Halifax,Electronics,Laptop,3,882.82,0.05,2516.04,1860.0,656.04,Online,Credit Card,5
ORD-00600,2025-08-31,C1421,Consumer,Central,Ottawa,Electronics,Laptop,6,863.11,0,5178.66,3720.0,1458.66,Partner,PayPal,4
ORD-00601,2025-08-04,C1421,Small Business,West,Victoria,Furniture,Office Chair,5,342.08,0,1710.4,925.0,785.4,Online,Bank Transfer,
ORD-00602,2026-02-27,C1180,Corporate,Central,Winnipeg,Furniture,Standing Desk,5,550.34,0.1,2476.53,1650.0,826.53,Retail Store,PayPal,5
ORD-00603,2026-04-10,C1102,Consumer,East,Montreal,Electronics,Laptop,3,855.27,0.1,2309.23,1860.0,449.23,Online,PayPal,5
ORD-00604,2025-03-26,C1351,Corporate,West,Vancouver,Accessories,Mouse,2,41.38,0.1,74.48,28.0,46.48,Retail Store,PayPal,5
ORD-00605,2026-04-08,C1212,Small Business,Central,Winnipeg,Accessories,Keyboard,1,67.88,0.1,61.09,28.0,33.09,Retail Store,Debit Card,5
ORD-00606,2026-02-07,C1045,Consumer,Central,Winnipeg,Accessories,Mouse,1,38.91,0.05,36.96,14.0,22.96,Retail Store,Debit Card,
ORD-00607,2025-09-26,C1290,Consumer,East,Montreal,Electronics,Laptop,2,888.1,0,1776.2,1240.0,536.2,Online,Credit Card,4
ORD-00608,2026-06-23,C1147,Small Business,Central,Ottawa,Electronics,Webcam,1,123.38,0.15,104.87,55.0,49.87,Online,Bank Transfer,
ORD-00609,2025-05-14,C1405,Corporate,Central,Toronto,Electronics,Printer,1,193.6,0,193.6,112.0,81.6,Retail Store,Credit Card,4
ORD-00610,2025-10-25,C1240,Consumer,Central,Toronto,Electronics,Printer,2,191.71,0.1,345.08,224.0,121.08,Retail Store,PayPal,4
ORD-00611,2026-02-12,C1170,Small Business,East,Montreal,Furniture,Standing Desk,3,525.72,0,1577.16,990.0,587.16,Online,Bank Transfer,4
ORD-00612,2025-12-29,C1343,Corporate,East,Halifax,Electronics,Printer,4,197.61,0.05,750.92,448.0,302.92,Online,Debit Card,5
ORD-00613,2025-02-12,C1363,Consumer,East,Montreal,Accessories,Headset,1,86.3,0.05,81.98,38.0,43.98,Online,Debit Card,5
ORD-00614,2025-09-24,C1220,Consumer,West,Victoria,Electronics,Laptop,10,887.44,0,8874.4,6200.0,2674.4,Partner,PayPal,5
ORD-00615,2025-09-28,C1436,Consumer,East,Quebec City,Furniture,Standing Desk,6,530.81,0.1,2866.37,1980.0,886.37,Partner,Credit Card,
ORD-00616,2025-07-13,C1253,Consumer,West,Vancouver,Accessories,Mouse,1,38.45,0.05,36.53,14.0,22.53,Online,Bank Transfer,3
ORD-00617,2026-01-01,C1104,Consumer,East,Halifax,Electronics,Webcam,2,118.19,0,236.38,110.0,126.38,Retail Store,Debit Card,5
ORD-00618,2025-06-22,C1392,Small Business,East,Halifax,Accessories,Headset,2,85.53,0.2,136.85,76.0,60.85,Online,Bank Transfer,4
ORD-00619,2025-03-20,C1302,Consumer,West,Victoria,Electronics,Monitor,5,247.34,0.1,1113.03,725.0,388.03,Retail Store,PayPal,4
ORD-00620,2025-06-07,C1002,Small Business,West,Vancouver,Electronics,Webcam,5,121.12,0.2,484.48,275.0,209.48,Online,Credit Card,5
ORD-00621,2026-04-09,C1380,Corporate,Central,Winnipeg,Electronics,Printer,1,205.95,0,205.95,112.0,93.95,Retail Store,Bank Transfer,4
ORD-00622,2025-04-05,C1198,Small Business,Central,Ottawa,Accessories,Keyboard,1,67.95,0,67.95,28.0,39.95,Online,PayPal,5
ORD-00623,2025-06-07,C1183,Small Business,West, Victoria,Electronics,Webcam,4,121.23,0.15,412.18,220.0,192.18,Partner,PayPal,4
ORD-00624,2026-06-09,C1415,Consumer,West,Victoria,Electronics,Webcam,5,123.07,0.05,584.58,275.0,309.58,Retail Store,Debit Card,5
ORD-00625,2026-03-21,C1079,Consumer,East,Quebec City,Electronics,Monitor,1,254.65,0,254.65,145.0,109.65,Online,Credit Card,
ORD-00626,2025-10-25,C1430,Consumer,Central,Ottawa,Electronics,Monitor,6,260.06,0,1560.36,870.0,690.36,Online,Bank Transfer,4
ORD-00627,2025-10-30,C1338,Consumer,East,Montreal,Accessories,USB-C Hub,1,76.75,0.05,72.91,31.0,41.91,Online,PayPal,5
ORD-00628,2025-09-18,C1023,Small Business,East,Montreal,Accessories,USB-C Hub,1,82.73,0.1,74.46,31.0,43.46,Online,Bank Transfer,4
ORD-00629,2025-11-01,C1108,Consumer,Central,Winnipeg,Electronics,Webcam,4,125.01,0,500.04,220.0,280.04,Retail Store,Credit Card,4
ORD-00630,2025-09-23,C1354,Consumer,East,Montreal,Furniture,Standing Desk,2,548.73,0,1097.46,660.0,437.46,Online,Bank Transfer,5
ORD-00631,2025-11-07,C1007,Corporate,East,Halifax,Furniture,Office Chair,3,316.38,0.1,854.23,555.0,299.23,Retail Store,Credit Card,4
ORD-00632,2025-01-17,C1404,Small Business,East,Montreal,Electronics,Laptop,1,911.34,0.05,865.77,620.0,245.77,Retail Store,Credit Card,4
ORD-00633,2025-11-05,C1241,Consumer,Central,Toronto,Electronics,Webcam,3,119.33,0.1,322.19,165.0,157.19,Partner,Bank Transfer,3
ORD-00634,2025-09-06,C1221,Consumer,West,Victoria,Electronics,Printer,4,206.94,0,827.76,448.0,379.76,Online,Bank Transfer,5
ORD-00635,2025-10-25,C1249,Small Business,West,Victoria,Furniture,Standing Desk,2,567.41,0.1,1021.34,660.0,361.34,Retail Store,Credit Card,4
ORD-00636,2026-06-25,C1253,Consumer,West,Victoria,Electronics,Printer,1,199.46,0.05,189.49,112.0,77.49,Partner,Bank Transfer,5
ORD-00637,2026-03-23,C1350,Consumer,West,Vancouver,Accessories,Headset,3,90.78,0.05,258.72,114.0,144.72,Online,Bank Transfer,5
ORD-00638,2025-05-15,C1409,Corporate,Central,Winnipeg,Furniture,Standing Desk,8,566.27,0.1,4077.14,2640.0,1437.14,Retail Store,Debit Card,4
ORD-00639,2025-10-17,C1212,Consumer,East,Halifax,Electronics,Monitor,3,240.01,0.05,684.03,435.0,249.03,Online,PayPal,
ORD-00640,2025-08-29,C1440,Consumer,West,Calgary,Electronics,Laptop,10,870.71,0.1,7836.39,6200.0,1636.39,Online,Credit Card,3
ORD-00641,2025-12-12,C1394,Small Business,Central,Toronto,Electronics,Printer,1,205.69,0.2,164.55,112.0,52.55,Online,Debit Card,5
ORD-00642,2026-06-12,C1056,Corporate,East,Halifax,Electronics,Monitor,3,258.53,0.05,736.81,435.0,301.81,Online,Credit Card,4
ORD-00643,2025-02-12,C1226,Corporate,East,Montreal,Accessories,Keyboard,3,68.54,0,205.62,84.0,121.62,Partner,Credit Card,
ORD-00644,2025-06-07,C1003,Consumer,East,Quebec City,Furniture,Office Chair,4,338.87,0.2,1084.38,740.0,344.38,Online,Bank Transfer,4
ORD-00645,2025-12-16,C1385,Consumer,Central,Winnipeg,Accessories,Keyboard,1,71.14,0,71.14,28.0,43.14,Retail Store,Debit Card,5
ORD-00646,2025-05-22,C1226,Corporate,Central,Ottawa,Furniture,Standing Desk,6,574.4,0.1,3101.76,1980.0,1121.76,Retail Store,Credit Card,4
ORD-00647,2026-06-14,C1338,Corporate,West,Vancouver,Furniture,Office Chair,1,338.54,0,338.54,185.0,153.54,Online,Credit Card,4
ORD-00648,2026-06-17,C1176,Small Business,Central,Ottawa,Furniture,Standing Desk,5,539.74,0.1,2428.83,1650.0,778.83,Partner,PayPal,3
ORD-00649,2026-06-25,C1357,Consumer,East,Montreal,Furniture,Standing Desk,2,558.35,0.1,1005.03,660.0,345.03,Retail Store,Bank Transfer,5
ORD-00650,2025-07-22,C1276,Consumer,Central,Toronto,Electronics,Laptop,2,901.83,0.15,1533.11,1240.0,293.11,Retail Store,Debit Card,5
ORD-00651,2025-04-06,C1303,Small Business,East,Halifax,Accessories,Headset,2,92.66,0,185.32,76.0,109.32,Online,Debit Card,5
ORD-00652,2025-11-08,C1387,Consumer,East,Quebec City,Accessories,USB-C Hub,1,78.83,0.1,70.95,31.0,39.95,Online,Bank Transfer,4
ORD-00653,2025-11-02,C1340,Corporate,East,Halifax,Electronics,Laptop,4,905.89,0.2,2898.85,2480.0,418.85,Retail Store,PayPal,4
ORD-00654,2025-11-03,C1098,Small Business,Central,Winnipeg,Electronics,Printer,5,196.55,0,982.75,560.0,422.75,Retail Store,Bank Transfer,5
ORD-00655,2025-04-11,C1228,Consumer,West,Calgary,Furniture,Standing Desk,4,548.68,0.15,1865.51,1320.0,545.51,Online,PayPal,4
ORD-00656,2026-06-23,C1225,Consumer,Central,Winnipeg,Accessories,USB-C Hub,2,79.38,0.05,150.82,62.0,88.82,Online,Bank Transfer,
ORD-00657,2025-06-16,C1355,Consumer,West,Calgary,Accessories,Keyboard,2,70.19,0.05,133.36,56.0,77.36,Partner,Bank Transfer,4
ORD-00658,2026-04-30,C1061,Consumer,West,Calgary,Accessories,Keyboard,8,69.35,0.05,527.06,224.0,303.06,Partner,PayPal,5
ORD-00659,2025-02-11,C1072,Corporate,East,Montreal,Electronics,Monitor,2,257.27,0.05,488.81,290.0,198.81,Online,Credit Card,5
ORD-00660,2025-11-09,C1246,Consumer,Central,Toronto,Accessories,Keyboard,5,72.58,0,362.9,140.0,222.9,Online,Bank Transfer,5
ORD-00661,2025-12-12,C1443,Consumer,Central,Ottawa,Electronics,Printer,1,203.33,0.1,183.0,112.0,71.0,Retail Store,Credit Card,5
ORD-00662,2026-02-24,C1045,Consumer,Central,Toronto,Furniture,Standing Desk,1,537.75,0.05,510.86,330.0,180.86,Retail Store,Credit Card,4
ORD-00663,2025-11-13,C1267,Consumer,East,Halifax,Electronics,Monitor,5,256.43,0.05,1218.04,725.0,493.04,Partner,Bank Transfer,4
ORD-00664,2026-05-30,C1296,Consumer,West,Vancouver,Accessories,USB-C Hub,1,81.63,0,81.63,31.0,50.63,Retail Store,Credit Card,
ORD-00665,2025-11-25,C1162,Corporate,Central,Winnipeg,Electronics,Laptop,4,857.16,0,3428.64,2480.0,948.64,Online,PayPal,5
ORD-00666,2025-04-04,C1208,Consumer,West,Vancouver,Accessories,USB-C Hub,1,78.44,0,78.44,31.0,47.44,Online,Credit Card,4
ORD-00667,2025-11-30,C1026,Consumer,West,Vancouver,Electronics,Laptop,1,878.2,0.15,746.47,620.0,126.47,Online,Debit Card,4
ORD-00668,2025-08-31,C1247,Consumer,Central,Winnipeg,Accessories,USB-C Hub,2,79.25,0.05,150.57,62.0,88.57,Online,Bank Transfer,3
ORD-00669,2025-08-28,C1155,Small Business,West,Victoria,Accessories,USB-C Hub,8,82.27,0.05,625.25,248.0,377.25,Online,Bank Transfer,5
ORD-00670,2025-03-27,C1216,Consumer,East,Halifax,Accessories,Mouse,4,38.97,0,155.88,56.0,99.88,Retail Store,Credit Card,
ORD-00671,2025-01-02,C1128,Consumer,Central,Winnipeg,Accessories,Headset,3,87.95,0.15,224.27,114.0,110.27,Online,PayPal,5
ORD-00672,2025-08-06,C1062,Small Business,East,Halifax,Accessories,Headset,1,89.05,0,89.05,38.0,51.05,Retail Store,PayPal,4
ORD-00673,2026-03-19,C1385,Consumer,West,Calgary,Accessories,USB-C Hub,8,78.08,0,624.64,248.0,376.64,Retail Store,PayPal,
ORD-00674,2025-09-09,C1001,Corporate,East,Quebec City,Furniture,Office Chair,1,317.9,0.15,270.21,185.0,85.21,Online,Credit Card,
ORD-00675,2025-01-10,C1448,Small Business,East,Montreal,Furniture,Standing Desk,2,526.95,0,1053.9,660.0,393.9,Online,Credit Card,4
ORD-00676,2026-04-01,C1415,Consumer,East,Montreal,Furniture,Office Chair,10,341.18,0,3411.8,1850.0,1561.8,Retail Store,Credit Card,3
ORD-00677,2026-04-19,C1098,Small Business,Central,Toronto,Electronics,Webcam,1,122.5,0.1,110.25,55.0,55.25,Retail Store,PayPal,4
ORD-00678,2025-08-15,C1420,Consumer,West,Victoria,Furniture,Office Chair,1,313.73,0.05,298.04,185.0,113.04,Retail Store,Credit Card,5
ORD-00679,2025-10-12,C1089,Consumer,East,Halifax,Electronics,Webcam,1,121.23,0.1,109.11,55.0,54.11,Retail Store,Debit Card,4
ORD-00680,2025-03-08,C1011,Corporate,West,Victoria,Electronics,Printer,5,206.94,0,1034.7,560.0,474.7,Retail Store,Bank Transfer,5
ORD-00681,2025-01-03,C1265,Consumer,Central,Winnipeg,Electronics,Laptop,5,865.94,0.05,4113.22,3100.0,1013.22,Retail Store,Bank Transfer,
ORD-00682,2026-01-06,C1171,Corporate,East,Montreal,Accessories,Mouse,1,39.56,0,39.56,14.0,25.56,Retail Store,Credit Card,4
ORD-00683,2025-08-20,C1014,Consumer,East,Quebec City,Electronics,Monitor,6,253.12,0,1518.72,870.0,648.72,Online,Bank Transfer,
ORD-00684,2025-01-25,C1420,Consumer,East,Halifax,Furniture,Office Chair,5,340.96,0.2,1363.84,925.0,438.84,Online,Debit Card,5
ORD-00685,2025-03-16,C1017,Small Business,East,Halifax,Electronics,Webcam,4,114.72,0,458.88,220.0,238.88,Retail Store,PayPal,5
ORD-00686,2025-03-08,C1026,Small Business,West,Vancouver,Electronics,Webcam,1,114.66,0,114.66,55.0,59.66,Online,Bank Transfer,5
ORD-00687,2026-02-16,C1407,Small Business,West,Calgary,Furniture,Standing Desk,1,543.61,0,543.61,330.0,213.61,Retail Store,Credit Card,5
ORD-00688,2025-12-14,C1303,Consumer,East,Halifax,Electronics,Laptop,2,908.56,0,1817.12,1240.0,577.12,Online,Debit Card,4
ORD-00689,2026-06-06,C1065,Small Business,Central,Ottawa,Furniture,Standing Desk,2,524.91,0,1049.82,660.0,389.82,Online,Bank Transfer,5
ORD-00690,2026-06-10,C1149,Consumer,East,Quebec City,Accessories,Headset,2,90.92,0.05,172.75,76.0,96.75,Online,Credit Card,5
ORD-00691,2026-06-15,C1100,Consumer,East,Halifax,Accessories,Keyboard,1,69.44,0.15,59.02,28.0,31.02,Retail Store,Debit Card,4
ORD-00692,2025-03-12,C1171,Corporate,Central,Toronto,Electronics,Webcam,3,120.93,0,362.79,165.0,197.79,Retail Store,Bank Transfer,5
ORD-00693,2025-12-03,C1117,Corporate,West,Vancouver,Electronics,Webcam,7,121.66,0.15,723.88,385.0,338.88,Online,Debit Card,
ORD-00694,2025-09-02,C1005,Consumer,Central,Winnipeg,Furniture,Office Chair,4,313.71,0.15,1066.61,740.0,326.61,Online,PayPal,4
ORD-00695,2025-01-31,C1015,Consumer,East,Montreal,Accessories,Keyboard,1,66.8,0.1,60.12,28.0,32.12,Retail Store,Debit Card,4
ORD-00696,2025-10-18,C1431,Consumer,West,Vancouver,Accessories,Headset,3,85.68,0,257.04,114.0,143.04,Retail Store,Credit Card,5
ORD-00697,2025-01-22,C1189,Corporate,East,Montreal,Furniture,Standing Desk,3,547.58,0,1642.74,990.0,652.74,Online,Debit Card,5
ORD-00698,2026-06-24,C1355,Corporate,East,Quebec City,Electronics,Monitor,1,250.8,0,250.8,145.0,105.8,Online,PayPal,5
ORD-00699,2026-03-16,C1126,Small Business,East,Montreal,Electronics,Laptop,4,868.36,0,3473.44,2480.0,993.44,Partner,PayPal,3
ORD-00700,2025-05-10,C1260,Consumer,East,Halifax,Electronics,Webcam,1,114.77,0.1,103.29,55.0,48.29,Online,PayPal,5
ORD-00701,2026-05-26,C1137,Consumer,East,Quebec City,Accessories,Keyboard,1,69.95,0.1,62.96,28.0,34.96,Retail Store,Credit Card,5
ORD-00702,2025-08-01,C1431,Consumer,West,Vancouver,Electronics,Webcam,5,120.85,0.15,513.61,275.0,238.61,Online,PayPal,5
ORD-00703,2025-03-28,C1218,Consumer,West,Vancouver,Accessories,Headset,2,91.08,0.05,173.05,76.0,97.05,Retail Store,Bank Transfer,
ORD-00704,2026-03-19,C1183,Consumer,Central,Ottawa,Electronics,Webcam,1,121.73,0,121.73,55.0,66.73,Online,PayPal,4
ORD-00705,2026-05-29,C1102,Corporate,East,Halifax,Electronics,Monitor,4,238.45,0,953.8,580.0,373.8,Online,Debit Card,5
ORD-00706,2025-12-04,C1133,Small Business,Central,Ottawa,Accessories,Headset,3,91.94,0.15,234.45,114.0,120.45,Online,PayPal,3
ORD-00707,2025-10-16,C1076,Small Business,Central,Ottawa,Furniture,Standing Desk,4,576.9,0.1,2076.84,1320.0,756.84,Online,Debit Card,5
ORD-00708,2025-08-21,C1236,Consumer,East,Halifax,Accessories,Mouse,2,40.88,0.1,73.58,28.0,45.58,Retail Store,Credit Card,5
ORD-00709,2025-11-17,C1156,Consumer,West,Victoria,Furniture,Standing Desk,1,554.25,0,554.25,330.0,224.25,Retail Store,Bank Transfer,3
ORD-00710,2025-12-30,C1011,Small Business,Central,Toronto,Furniture,Standing Desk,4,538.97,0.1,1940.29,1320.0,620.29,Retail Store,Debit Card,3
ORD-00711,2025-06-07,C1032,Small Business,Central,Winnipeg,Electronics,Printer,6,208.96,0,1253.76,672.0,581.76,Online,Debit Card,5
ORD-00712,2026-05-02,C1090,Small Business,West,Victoria,Electronics,Printer,8,203.49,0,1627.92,896.0,731.92,Online,Bank Transfer,3
ORD-00713,2025-01-28,C1232,Consumer,West,Vancouver,Electronics,Monitor,6,250.6,0,1503.6,870.0,633.6,Online,PayPal,3
ORD-00714,2026-06-15,C1244,Consumer,West,Vancouver,Furniture,Office Chair,5,331.19,0,1655.95,925.0,730.95,Online,Bank Transfer,4
ORD-00715,2025-07-31,C1300,Small Business,West,Vancouver,Accessories,Headset,2,93.94,0.05,178.49,76.0,102.49,Online,Bank Transfer,4
ORD-00716,2025-10-10,C1291,Corporate,West,Vancouver,Accessories,Keyboard,2,68.79,0,137.58,56.0,81.58,Retail Store,Bank Transfer,
ORD-00717,2026-04-19,C1152,Corporate,East,Montreal,Electronics,Monitor,1,255.28,0.1,229.75,145.0,84.75,Online,Debit Card,5
ORD-00718,2026-03-02,C1201,Consumer,West,Vancouver,Electronics,Printer,3,201.36,0,604.08,336.0,268.08,Partner,Debit Card,3
ORD-00719,2025-06-11,C1252,Corporate,Central,Winnipeg,Accessories,USB-C Hub,1,77.73,0.1,69.96,31.0,38.96,Retail Store,Credit Card,5
ORD-00720,2026-01-13,C1236,Consumer,West,Vancouver,Accessories,USB-C Hub,4,80.04,0,320.16,124.0,196.16,Online,Credit Card,3
ORD-00721,2026-04-18,C1167,Consumer,Central,Ottawa,Furniture,Standing Desk,5,572.93,0,2864.65,1650.0,1214.65,Online,Bank Transfer,
ORD-00722,2026-04-18,C1082,Small Business,West,Vancouver,Accessories,USB-C Hub,3,78.22,0.05,222.93,93.0,129.93,Online,Credit Card,4
ORD-00723,2025-04-13,C1078,Consumer,West,Victoria,Electronics,Monitor,2,254.42,0.1,457.96,290.0,167.96,Online,PayPal,
ORD-00724,2025-07-02,C1267,Consumer,West,Calgary,Electronics,Laptop,6,912.12,0,5472.72,3720.0,1752.72,Online,Bank Transfer,4
ORD-00725,2025-11-12,C1102,Small Business,Central,Toronto,Electronics,Printer,1,197.48,0.15,167.86,112.0,55.86,Retail Store,Credit Card,4
ORD-00726,2026-03-08,C1427,Small Business,West,Vancouver,Furniture,Office Chair,4,316.68,0.2,1013.38,740.0,273.38,Online,Debit Card,4
ORD-00727,2025-02-15,C1202,Consumer,Central,Winnipeg,Electronics,Monitor,4,260.85,0.1,939.06,580.0,359.06,Retail Store,Credit Card,5
ORD-00728,2025-08-26,C1112,Consumer,West,Vancouver,Furniture,Office Chair,1,320.51,0,320.51,185.0,135.51,Retail Store,PayPal,4
ORD-00729,2026-01-13,C1405,Small Business,West,Vancouver,Accessories,Mouse,2,40.84,0.2,65.34,28.0,37.34,Online,PayPal,4
ORD-00730,2025-04-08,C1352,Corporate,East,Quebec City,Furniture,Standing Desk,3,557.43,0,1672.29,990.0,682.29,Retail Store,Bank Transfer,5
ORD-00731,2025-03-11,C1360,Consumer,Central,Toronto,Electronics,Printer,6,200.06,0.1,1080.32,672.0,408.32,Retail Store,Debit Card,3
ORD-00732,2025-01-22,C1255,Consumer,East,Montreal,Accessories,Headset,1,86.73,0,86.73,38.0,48.73,Online,Debit Card,5
ORD-00733,2025-06-05,C1068,Small Business,Central,Toronto,Electronics,Laptop,1,933.95,0.05,887.25,620.0,267.25,Partner,PayPal,5
ORD-00734,2025-02-10,C1027,Consumer,East,Quebec City,Accessories,Headset,4,87.34,0,349.36,152.0,197.36,Retail Store,Debit Card,4
ORD-00735,2026-01-26,C1324,Consumer,East,Quebec City,Accessories,Keyboard,2,67.84,0,135.68,56.0,79.68,Partner,Debit Card,4
ORD-00736,2025-05-09,C1239,Small Business,West,Vancouver,Electronics,Printer,2,198.51,0.05,377.17,224.0,153.17,Online,Debit Card,5
ORD-00737,2025-07-22,C1441,Consumer,West,Victoria,Accessories,Keyboard,3,67.9,0.2,162.96,84.0,78.96,Retail Store,Credit Card,
ORD-00738,2026-01-04,C1406,Consumer,Central,Ottawa,Accessories,Keyboard,2,67.58,0.05,128.4,56.0,72.4,Retail Store,Credit Card,
ORD-00739,2026-01-26,C1232,Consumer,Central,Toronto,Accessories,Headset,2,89.66,0,179.32,76.0,103.32,Retail Store,Bank Transfer,5
ORD-00740,2026-05-08,C1373,Consumer,West,Victoria,Accessories,Keyboard,3,72.52,0,217.56,84.0,133.56,Partner,Bank Transfer,5
ORD-00741,2026-02-19,C1063,Consumer,Central,Ottawa,Furniture,Office Chair,2,342.69,0,685.38,370.0,315.38,Partner,Debit Card,5
ORD-00742,2025-07-18,C1217,Consumer,Central,Ottawa,Furniture,Office Chair,2,334.97,0.1,602.95,370.0,232.95,Retail Store,Debit Card,4
ORD-00743,2026-05-05,C1130,Small Business,West,Victoria,Electronics,Laptop,3,916.29,0.05,2611.43,1860.0,751.43,Online,Debit Card,4
ORD-00744,2025-01-13,C1216,Small Business,West,Vancouver,Furniture,Standing Desk,2,532.88,0.05,1012.47,660.0,352.47,Partner,Bank Transfer,4
ORD-00745,2025-09-16,C1448,Small Business,East,Quebec City,Accessories,USB-C Hub,8,79.28,0,634.24,248.0,386.24,Online,Credit Card,4
ORD-00746,2025-12-19,C1049,Consumer,West,Victoria,Accessories,Mouse,8,41.26,0.2,264.06,112.0,152.06,Online,Bank Transfer,4
ORD-00747,2026-06-22,C1093,Consumer,Central,Winnipeg,Accessories,Headset,3,87.27,0.1,235.63,114.0,121.63,Online,Bank Transfer,4
ORD-00748,2025-08-06,C1225,Corporate,West,Vancouver,Electronics,Laptop,3,933.44,0.2,2240.26,1860.0,380.26,Online,Debit Card,4
ORD-00749,2025-03-23,C1389,Consumer,Central,Toronto,Furniture,Standing Desk,1,549.18,0,549.18,330.0,219.18,Online,Credit Card,4
ORD-00750,2025-03-04,C1266,Consumer,Central,Toronto,Electronics,Printer,4,197.5,0.1,711.0,448.0,263.0,Online,Bank Transfer,5
ORD-00751,2026-04-30,C1184,Small Business,Central,Winnipeg,Furniture,Standing Desk,1,535.67,0,535.67,330.0,205.67,Online,Bank Transfer,5
ORD-00752,2025-02-28,C1013,Corporate,Central,Ottawa,Electronics,Monitor,1,260.62,0.15,221.53,145.0,76.53,Online,PayPal,4
ORD-00753,2025-09-12,C1326,Corporate,Central,Ottawa,Electronics,Printer,3,190.05,0.1,513.14,336.0,177.14,Retail Store,Credit Card,5
ORD-00754,2026-01-04,C1178,Consumer,West,Calgary,Furniture,Office Chair,3,339.69,0.1,917.16,555.0,362.16,Online,Bank Transfer,5
ORD-00755,2025-04-13,C1366,Small Business,East,Quebec City,Accessories,Headset,3,92.55,0.15,236.0,114.0,122.0,Partner,Debit Card,3
ORD-00756,2026-05-25,C1276,Consumer,West,Victoria,Accessories,USB-C Hub,10,79.85,0.2,638.8,310.0,328.8,Partner,Debit Card,4
ORD-00757,2025-08-05,C1196,Corporate,West,Calgary,electronics,Monitor,1,245.65,0.15,208.8,145.0,63.8,Online,Debit Card,5
ORD-00758,2025-09-21,C1170,Corporate,East,Quebec City,Electronics,Monitor,3,257.38,0.05,733.53,435.0,298.53,Retail Store,Credit Card,4
ORD-00759,2025-12-18,C1059,Small Business,Central,Winnipeg,Furniture,Standing Desk,4,535.33,0.05,2034.25,1320.0,714.25,Partner,Credit Card,5
ORD-00760,2025-04-25,C1194,Small Business,West,Victoria,Electronics,Printer,8,207.06,0,1656.48,896.0,760.48,Online,PayPal,3
ORD-00761,2025-03-05,C1407,Corporate,East,Halifax,Accessories,Mouse,5,40.71,0,203.55,70.0,133.55,Online,Debit Card,4
ORD-00762,2025-04-20,C1348,Consumer,Central,Toronto,Accessories,USB-C Hub,5,77.74,0,388.7,155.0,233.7,Retail Store,Debit Card,
ORD-00763,2025-10-18,C1361,Consumer,West,Calgary,Electronics,Laptop,2,944.71,0,1889.42,1240.0,649.42,Partner,Debit Card,
ORD-00764,2026-05-22,C1414,Corporate,Central,Winnipeg,Furniture,Standing Desk,1,569.13,0.1,512.22,330.0,182.22,Online,Credit Card,4
ORD-00765,2025-07-03,C1200,Corporate,Central,Winnipeg,Furniture,Standing Desk,1,523.68,0,523.68,330.0,193.68,Partner,Bank Transfer,5
ORD-00766,2026-04-30,C1280,Small Business,Central,Ottawa,Furniture,Standing Desk,1,561.05,0.15,476.89,330.0,146.89,Online,Credit Card,5
ORD-00767,2025-05-15,C1356,Small Business,Central,Winnipeg,Electronics,Laptop,5,867.37,0,4336.85,3100.0,1236.85,Online,PayPal,
ORD-00768,2025-05-29,C1439,Consumer,West,Vancouver,Accessories,Mouse,3,40.7,0.05,116.0,42.0,74.0,Retail Store,Bank Transfer,4
ORD-00769,2026-03-14,C1332,Corporate,East,Montreal,Electronics,Laptop,1,943.21,0,943.21,620.0,323.21,Online,Bank Transfer,5
ORD-00770,2025-06-02,C1088,Consumer,East,Halifax,Furniture,Standing Desk,1,555.28,0,555.28,330.0,225.28,Online,Credit Card,5
ORD-00771,2026-04-20,C1328,Consumer,East,Quebec City,Accessories,Headset,3,86.59,0,259.77,114.0,145.77,Online,Credit Card,4
ORD-00772,2026-05-07,C1292,Consumer,Central,Winnipeg,Electronics,Monitor,4,248.33,0.1,893.99,580.0,313.99,Online,Credit Card,4
ORD-00773,2025-11-30,C1250,Corporate,West,Calgary,Accessories,USB-C Hub,3,80.28,0.05,228.8,93.0,135.8,Online,Credit Card,4
ORD-00774,2025-08-01,C1020,Small Business,East,Montreal,Accessories,Keyboard,5,68.69,0.05,326.28,140.0,186.28,Online,Debit Card,4
ORD-00775,2025-06-15,C1278,Consumer,West,Calgary,Accessories,Headset,5,88.76,0.05,421.61,190.0,231.61,Partner,Bank Transfer,4
ORD-00776,2025-01-01,C1295,Consumer,West,Victoria,Electronics,Laptop,8,895.03,0.1,6444.22,4960.0,1484.22,Retail Store,PayPal,
ORD-00777,2026-06-20,C1072,Small Business,Central,Winnipeg,Accessories,USB-C Hub,2,76.28,0,152.56,62.0,90.56,Retail Store,Debit Card,5
ORD-00778,2025-05-18,C1133,Consumer,East,Halifax,Accessories,Mouse,2,40.19,0.05,76.36,28.0,48.36,Retail Store,Debit Card,5
ORD-00779,2026-02-14,C1137,Corporate,Central,Toronto,Accessories,Headset,3,91.16,0,273.48,114.0,159.48,Online,PayPal,4
ORD-00780,2026-06-08,C1126,Consumer,East,Montreal,Furniture,Standing Desk,4,575.51,0,2302.04,1320.0,982.04,Retail Store,PayPal,4
ORD-00781,2025-05-08,C1074,Consumer,East,Montreal,Accessories,USB-C Hub,2,82.21,0.15,139.76,62.0,77.76,Online,PayPal,4
ORD-00782,2025-01-11,C1156,Consumer,West,Victoria,Accessories,Mouse,2,40.9,0,81.8,28.0,53.8,Partner,Credit Card,
ORD-00783,2026-06-26,C1384,Small Business,Central,Winnipeg,Electronics,Printer,5,193.41,0.15,821.99,560.0,261.99,Retail Store,Debit Card,5
ORD-00784,2025-12-20,C1262,Corporate,East,Halifax,Accessories,USB-C Hub,4,78.06,0.05,296.63,124.0,172.63,Online,Debit Card,4
ORD-00785,2025-05-27,C1311,Small Business,Central,Winnipeg,Accessories,Headset,1,87.73,0.1,78.96,38.0,40.96,Partner,Bank Transfer,5
ORD-00786,2025-07-07,C1416,Consumer,Central,Ottawa,Electronics,Webcam,2,124.57,0.2,199.31,110.0,89.31,Online,PayPal,4
ORD-00787,2025-03-31,C1294,Small Business,Central,Ottawa,Furniture,Office Chair,5,316.58,0,1582.9,925.0,657.9,Online,Credit Card,3
ORD-00788,2025-10-20,C1263,Consumer,East,Quebec City,Electronics,Laptop,8,898.16,0.1,6466.75,4960.0,1506.75,Retail Store,Bank Transfer,4
ORD-00789,2025-01-15,C1421,Small Business,East,Montreal,Electronics,Laptop,3,921.5,0,2764.5,1860.0,904.5,Retail Store,Bank Transfer,3
ORD-00790,2025-06-22,C1253,Consumer,East,Halifax,Accessories,Mouse,1,38.19,0,38.19,14.0,24.19,Online,Debit Card,5
ORD-00791,2026-01-18,C1135,Corporate,West,Victoria,Accessories,Mouse,5,39.92,0,199.6,70.0,129.6,Partner,Credit Card,4
ORD-00792,2026-02-08,C1182,Consumer,West,Victoria,Accessories,USB-C Hub,4,79.9,0.05,303.62,124.0,179.62,Online,Bank Transfer,3
ORD-00793,2025-12-03,C1101,Corporate,Central,Ottawa,Electronics,Monitor,2,240.02,0,480.04,290.0,190.04,Online,Debit Card,4
ORD-00794,2026-02-25,C1219,Small Business,West,Victoria,Electronics,Laptop,1,881.93,0,881.93,620.0,261.93,Online,PayPal,4
ORD-00795,2025-04-22,C1101,Consumer,Central,Winnipeg,Electronics,Webcam,1,124.44,0,124.44,55.0,69.44,Online,Debit Card,4
ORD-00796,2025-10-19,C1340,Consumer,West,Vancouver,Furniture,Standing Desk,2,574.65,0.1,1034.37,660.0,374.37,Online,Credit Card,5
ORD-00797,2026-03-08,C1256,Small Business,Central,Winnipeg,Electronics,Webcam,4,124.57,0.1,448.45,220.0,228.45,Online,Debit Card,5
ORD-00798,2025-04-23,C1175,Consumer,West,Vancouver,Accessories,Keyboard,1,71.24,0,71.24,28.0,43.24,Retail Store,Credit Card,5
ORD-00799,2026-03-21,C1127,Small Business,Central,Ottawa,Accessories,Headset,2,90.09,0,180.18,76.0,104.18,Online,Credit Card,5
ORD-00800,2025-09-27,C1092,Small Business,East,Montreal,Furniture,Standing Desk,1,550.12,0.1,495.11,330.0,165.11,Retail Store,Debit Card,4
ORD-00801,2025-08-23,C1046,Corporate,West,Vancouver,Furniture,Standing Desk,1,556.4,0.05,528.58,330.0,198.58,Partner,Bank Transfer,3
ORD-00802,2026-02-22,C1056,Consumer,East,Quebec City,Accessories,Mouse,1,38.2,0.05,36.29,14.0,22.29,Online,PayPal,5
ORD-00803,2025-10-15,C1164,Corporate,Central,Winnipeg,Furniture,Standing Desk,1,558.81,0,558.81,330.0,228.81,Online,PayPal,4
ORD-00804,2026-04-29,C1342,Consumer,Central,Winnipeg,Electronics,Monitor,2,240.28,0,480.56,290.0,190.56,Online,Debit Card,3
ORD-00805,2025-12-06,C1196,Small Business,Central,Winnipeg,Furniture,Office Chair,5,322.6,0,1613.0,925.0,688.0,Retail Store,Credit Card,4
ORD-00806,2025-05-14,C1360,Small Business,East,Halifax,Electronics,Printer,1,193.8,0.1,174.42,112.0,62.42,Partner,Credit Card,
ORD-00807,2025-03-18,C1065,Consumer,East,Halifax,Furniture,Office Chair,1,318.56,0.05,302.63,185.0,117.63,Retail Store,Bank Transfer,4
ORD-00808,2025-09-16,C1257,Small Business,East,Quebec City,Furniture,Office Chair,2,327.32,0,654.64,370.0,284.64,Partner,Debit Card,3
ORD-00809,2025-10-08,C1203,Small Business,East,Montreal,Accessories,Headset,1,92.16,0.1,82.94,38.0,44.94,Retail Store,Credit Card,
ORD-00810,2025-06-19,C1292,Consumer,Central,Winnipeg,Furniture,Standing Desk,2,522.69,0,1045.38,660.0,385.38,Retail Store,Credit Card,4
ORD-00811,2026-06-10,C1114,Corporate,Central,Winnipeg,Accessories,USB-C Hub,1,76.94,0,76.94,31.0,45.94,Online,Debit Card,3
ORD-00812,2025-10-26,C1127,Consumer,West,Calgary,Accessories,Keyboard,8,66.85,0.15,454.58,224.0,230.58,Online,Credit Card,4
ORD-00813,2025-01-02,C1068,Consumer,East,Quebec City,Electronics,Printer,10,195.27,0.15,1659.8,1120.0,539.8,Partner,PayPal,5
ORD-00814,2025-11-29,C1336,Consumer,West,Calgary,Electronics,Laptop,6,942.43,0,5654.58,3720.0,1934.58,Partner,Bank Transfer,4
ORD-00815,2025-09-21,C1413,Corporate,East,Halifax,Electronics,Printer,2,201.62,0,403.24,224.0,179.24,Online,Debit Card,5
ORD-00816,2026-04-02,C1441,Corporate,West,Calgary,Furniture,Standing Desk,2,532.67,0,1065.34,660.0,405.34,Online,Debit Card,4
ORD-00817,2026-05-18,C1035,Consumer,East,Montreal,Accessories,Headset,1,90.96,0,90.96,38.0,52.96,Online,Credit Card,4
ORD-00818,2026-03-13,C1193,Consumer,West, Victoria,Furniture,Standing Desk,1,555.67,0.1,500.1,330.0,170.1,Retail Store,Credit Card,5
ORD-00819,2025-04-23,C1405,Small Business,West,Calgary,Electronics,Laptop,1,908.96,0.15,772.62,620.0,152.62,Online,Credit Card,3
ORD-00820,2025-12-13,C1079,Small Business,East,Montreal,Accessories,Mouse,2,39.22,0.1,70.6,28.0,42.6,Partner,Credit Card,4
ORD-00821,2025-10-01,C1212,Consumer,East,Halifax,Electronics,Monitor,1,259.65,0,259.65,145.0,114.65,Retail Store,Credit Card,4
ORD-00822,2025-08-18,C1351,Consumer,West,Vancouver,Furniture,Standing Desk,2,560.13,0.15,952.22,660.0,292.22,Online,Bank Transfer,4
ORD-00823,2025-06-23,C1043,Consumer,West,Vancouver,Electronics,Monitor,8,246.5,0,1972.0,1160.0,812.0,Online,Debit Card,3
ORD-00824,2025-07-02,C1418,Small Business,Central,Winnipeg,Furniture,Office Chair,2,323.44,0.1,582.19,370.0,212.19,Online,PayPal,5
ORD-00825,2025-04-17,C1076,Corporate,Central,Ottawa,Furniture,Office Chair,8,313.56,0,2508.48,1480.0,1028.48,Retail Store,PayPal,4
ORD-00826,2025-06-01,C1165,Consumer,Central,Ottawa,Electronics,Webcam,4,115.73,0.1,416.63,220.0,196.63,Online,Debit Card,4
ORD-00827,2026-01-30,C1410,Small Business,Central,Ottawa,Electronics,Webcam,2,117.99,0.1,212.38,110.0,102.38,Online,Bank Transfer,4
ORD-00828,2026-03-05,C1215,Consumer,East,Quebec City,Accessories,USB-C Hub,2,80.64,0,161.28,62.0,99.28,Retail Store,Credit Card,4
ORD-00829,2025-08-29,C1030,Consumer,Central,Toronto,Accessories,Mouse,10,41.67,0.2,333.36,140.0,193.36,Retail Store,PayPal,5
ORD-00830,2025-05-23,C1114,Small Business,Central,Ottawa,Accessories,Keyboard,5,67.97,0.05,322.86,140.0,182.86,Partner,Debit Card,3
ORD-00831,2025-05-01,C1339,Consumer,East,Halifax,Accessories,Keyboard,2,71.4,0,142.8,56.0,86.8,Partner,Bank Transfer,4
ORD-00832,2025-06-11,C1391,Consumer,West,Vancouver,Furniture,Office Chair,1,327.23,0.15,278.15,185.0,93.15,Online,Bank Transfer,4
ORD-00833,2025-05-24,C1056,Small Business,East,Halifax,Accessories,Headset,2,85.61,0.1,154.1,76.0,78.1,Online,Credit Card,4
ORD-00834,2025-02-02,C1364,Consumer,East,Montreal,Accessories,USB-C Hub,1,79.62,0.2,63.7,31.0,32.7,Online,PayPal,5
ORD-00835,2025-08-21,C1316,Consumer,Central,Toronto,Accessories,Headset,10,87.4,0,874.0,380.0,494.0,Partner,Debit Card,3
ORD-00836,2026-02-06,C1207,Consumer,West,Calgary,Accessories,USB-C Hub,3,81.21,0.05,231.45,93.0,138.45,Retail Store,Debit Card,5
ORD-00837,2025-02-25,C1014,Consumer,Central,Winnipeg,Furniture,Standing Desk,1,569.05,0.05,540.6,330.0,210.6,Online,PayPal,4
ORD-00838,2025-06-16,C1016,Consumer,East,Montreal,Electronics,Monitor,1,242.53,0,242.53,145.0,97.53,Partner,PayPal,4
ORD-00839,2025-03-29,C1004,Small Business,East,Halifax,Electronics,Laptop,2,939.91,0,1879.82,1240.0,639.82,Online,PayPal,5
ORD-00840,2026-02-12,C1208,Small Business,East,Montreal,Furniture,Office Chair,4,316.7,0.1,1140.12,740.0,400.12,Partner,Debit Card,4
ORD-00841,2025-01-25,C1320,Corporate,East,Quebec City,Electronics,Webcam,2,119.55,0,239.1,110.0,129.1,Online,Debit Card,4
ORD-00842,2025-08-09,C1333,Consumer,East,Halifax,Accessories,Keyboard,4,71.59,0.05,272.04,112.0,160.04,Partner,Bank Transfer,5
ORD-00843,2025-05-15,C1122,Corporate,Central,Ottawa,Furniture,Office Chair,3,336.02,0.1,907.25,555.0,352.25,Online,Credit Card,4
ORD-00844,2025-06-06,C1408,Consumer,East,Halifax,Electronics,Webcam,1,124.4,0,124.4,55.0,69.4,Retail Store,Bank Transfer,4
ORD-00845,2025-04-07,C1091,Consumer,Central,Ottawa,Accessories,Keyboard,8,67.12,0,536.96,224.0,312.96,Online,PayPal,
ORD-00846,2026-04-30,C1209,Corporate,Central,Ottawa,Accessories,Keyboard,8,68.5,0,548.0,224.0,324.0,Online,Bank Transfer,4
ORD-00847,2026-01-11,C1349,Small Business,East,Halifax,Furniture,Office Chair,2,342.38,0,684.76,370.0,314.76,Retail Store,Credit Card,3
ORD-00848,2025-09-08,C1114,Consumer,East,Halifax,Electronics,Laptop,1,931.83,0.05,885.24,620.0,265.24,Online,Bank Transfer,5
ORD-00849,2025-04-06,C1203,Corporate,Central,Ottawa,Electronics,Webcam,3,122.77,0,368.31,165.0,203.31,Online,Debit Card,5
ORD-00850,2026-02-16,C1232,Small Business,Central,Toronto,Furniture,Office Chair,1,317.26,0.1,285.53,185.0,100.53,Online,Debit Card,3
ORD-00851,2026-04-27,C1185,Consumer,West,Calgary,Accessories,Mouse,1,41.74,0,41.74,14.0,27.74,Retail Store,Bank Transfer,5
ORD-00852,2025-08-07,C1035,Small Business,West,Vancouver,Electronics,Laptop,8,862.51,0.1,6210.07,4960.0,1250.07,Online,Bank Transfer,5
ORD-00853,2025-03-25,C1047,Consumer,Central,Winnipeg,Electronics,Webcam,5,123.96,0,619.8,275.0,344.8,Retail Store,PayPal,5
ORD-00854,2025-11-01,C1181,Consumer,West,Vancouver,Furniture,Office Chair,9,345.35,0.1,2797.34,1665.0,1132.34,Retail Store,Credit Card,5
ORD-00855,2025-07-23,C1377,Consumer,West,Calgary,Electronics,Printer,3,204.85,0.15,522.37,336.0,186.37,Partner,Credit Card,5
ORD-00856,2025-06-04,C1001,Consumer,Central,Toronto,Electronics,Webcam,5,120.24,0.05,571.14,275.0,296.14,Partner,Debit Card,
ORD-00857,2026-04-06,C1307,Small Business,East,Halifax,Electronics,Monitor,1,256.85,0.1,231.17,145.0,86.17,Online,Debit Card,5
ORD-00858,2025-12-23,C1358,Consumer,West,Vancouver,Electronics,Printer,8,196.13,0,1569.04,896.0,673.04,Online,Bank Transfer,
ORD-00859,2026-02-28,C1234,Consumer,Central,Ottawa,Furniture,Office Chair,4,344.06,0,1376.24,740.0,636.24,Partner,PayPal,5
ORD-00860,2025-07-01,C1145,Consumer,East,Halifax,Accessories,Keyboard,2,69.55,0.1,125.19,56.0,69.19,Retail Store,Credit Card,4
ORD-00861,2025-04-17,C1051,Consumer,West,Calgary,Electronics,Laptop,3,938.44,0.1,2533.79,1860.0,673.79,Online,Credit Card,
ORD-00862,2025-10-24,C1179,Small Business,Central,Toronto,Accessories,Mouse,4,41.79,0.15,142.09,56.0,86.09,Online,Bank Transfer,
ORD-00863,2026-02-10,C1212,Consumer,West,Victoria,Accessories,Mouse,2,41.6,0,83.2,28.0,55.2,Retail Store,Credit Card,4
ORD-00864,2026-03-01,C1171,Consumer,West,Vancouver,Electronics,Laptop,1,908.99,0.15,772.64,620.0,152.64,Retail Store,Bank Transfer,4
ORD-00865,2025-09-05,C1325,Consumer,East,Quebec City,Accessories,Mouse,3,39.71,0.15,101.26,42.0,59.26,Online,Debit Card,5
ORD-00866,2026-02-17,C1401,Consumer,Central,Winnipeg,Accessories,Keyboard,2,70.91,0.05,134.73,56.0,78.73,Retail Store,PayPal,5
ORD-00867,2025-06-12,C1362,Consumer,Central,Toronto,Electronics,Monitor,1,238.19,0.05,226.28,145.0,81.28,Retail Store,Bank Transfer,4
ORD-00868,2025-01-26,C1113,Small Business,East,Halifax,Accessories,Keyboard,10,71.06,0,710.6,280.0,430.6,Retail Store,Debit Card,5
ORD-00869,2025-09-09,C1296,Consumer,East,Quebec City,Accessories,Headset,3,91.24,0.1,246.35,114.0,132.35,Partner,Credit Card,4
ORD-00870,2026-04-16,C1429,Consumer,East,Montreal,Electronics,Monitor,1,258.61,0,258.61,145.0,113.61,Online,Bank Transfer,4
ORD-00871,2025-04-14,C1160,Corporate,Central,Toronto,Furniture,Standing Desk,1,543.13,0.1,488.82,330.0,158.82,Online,Debit Card,
ORD-00872,2025-07-04,C1177,Small Business,Central,Toronto,Accessories,Keyboard,3,68.89,0,206.67,84.0,122.67,Partner,Credit Card,
ORD-00873,2025-06-12,C1078,Consumer,East,Halifax,Accessories,Headset,6,90.1,0,540.6,228.0,312.6,Online,PayPal,4
ORD-00874,2025-04-28,C1102,Consumer,West,Vancouver,Furniture,Office Chair,1,322.52,0,322.52,185.0,137.52,Retail Store,PayPal,4
ORD-00875,2025-10-29,C1433,Corporate,Central,Winnipeg,Electronics,Webcam,2,116.36,0,232.72,110.0,122.72,Partner,Bank Transfer,5
ORD-00876,2025-04-16,C1305,Consumer,East,Halifax,Accessories,Headset,1,89.51,0.05,85.03,38.0,47.03,Retail Store,PayPal,5
ORD-00877,2025-04-21,C1017,Consumer,East,Quebec City,Furniture,Standing Desk,1,547.21,0.1,492.49,330.0,162.49,Partner,Bank Transfer,5
ORD-00878,2025-10-28,C1183,Consumer,East,Halifax,Accessories,USB-C Hub,2,82.32,0,164.64,62.0,102.64,Online,Credit Card,4
ORD-00879,2025-08-09,C1109,Consumer,East,Quebec City,Furniture,Office Chair,1,337.14,0.1,303.43,185.0,118.43,Online,PayPal,
ORD-00880,2025-08-27,C1413,Consumer,East,Montreal,Furniture,Standing Desk,1,561.88,0.05,533.79,330.0,203.79,Online,Bank Transfer,4
ORD-00881,2026-03-22,C1063,Corporate,Central,Ottawa,Accessories,Mouse,1,39.68,0.2,31.74,14.0,17.74,Online,Debit Card,
ORD-00882,2025-12-01,C1145,Consumer,East,Quebec City,Accessories,Mouse,3,41.94,0.15,106.95,42.0,64.95,Retail Store,Bank Transfer,4
ORD-00883,2025-02-07,C1154,Consumer,East,Halifax,Electronics,Laptop,1,892.35,0.15,758.5,620.0,138.5,Online,PayPal,5
ORD-00884,2025-12-21,C1434,Consumer,Central,Toronto,Accessories,USB-C Hub,5,83.86,0,419.3,155.0,264.3,Online,PayPal,4
ORD-00885,2025-04-16,C1115,Consumer,West,Vancouver,Electronics,Laptop,4,920.17,0.15,3128.58,2480.0,648.58,Partner,Credit Card,4
ORD-00886,2025-07-15,C1056,Corporate,East,Quebec City,Accessories,USB-C Hub,10,82.27,0,822.7,310.0,512.7,Partner,PayPal,3
ORD-00887,2025-03-18,C1061,Consumer,Central,Ottawa,Electronics,Printer,4,201.66,0.15,685.64,448.0,237.64,Retail Store,PayPal,4
ORD-00888,2025-06-01,C1143,Consumer,East,Quebec City,Electronics,Webcam,3,119.87,0.05,341.63,165.0,176.63,Online,Bank Transfer,5
ORD-00889,2025-08-20,C1438,Consumer,West,Victoria,Accessories,Headset,3,91.31,0,273.93,114.0,159.93,Retail Store,Credit Card,4
ORD-00890,2025-03-18,C1106,Consumer,Central,Toronto,Accessories,Mouse,1,38.41,0,38.41,14.0,24.41,Retail Store,PayPal,5
ORD-00891,2026-04-10,C1317,Consumer,East,Montreal,Accessories,USB-C Hub,1,79.61,0,79.61,31.0,48.61,Partner,Bank Transfer,4
ORD-00892,2025-07-12,C1448,Consumer,West,Victoria,Furniture,Standing Desk,1,530.59,0.1,477.53,330.0,147.53,Partner,Credit Card,4
ORD-00893,2025-09-04,C1281,Consumer,West,Victoria,Accessories,Keyboard,1,67.32,0,67.32,28.0,39.32,Retail Store,PayPal,4
ORD-00894,2026-03-18,C1332,Consumer,West,Vancouver,Furniture,Standing Desk,2,527.87,0,1055.74,660.0,395.74,Online,Bank Transfer,5
ORD-00895,2025-07-18,C1025,Consumer,Central,Toronto,Furniture,Standing Desk,1,528.5,0.05,502.07,330.0,172.07,Retail Store,Credit Card,4
ORD-00896,2025-08-13,C1358,Consumer,West,Vancouver,Electronics,Laptop,2,934.42,0,1868.84,1240.0,628.84,Retail Store,Bank Transfer,5
ORD-00897,2026-02-07,C1147,Consumer,West,Vancouver,Accessories,Headset,2,91.84,0.1,165.31,76.0,89.31,Online,Credit Card,3
ORD-00898,2025-07-09,C1035,Consumer,East,Halifax,Electronics,Printer,2,196.29,0,392.58,224.0,168.58,Partner,Debit Card,4
ORD-00899,2025-12-07,C1347,Consumer,Central,Toronto,Electronics,Laptop,3,934.3,0.2,2242.32,1860.0,382.32,Online,PayPal,3
ORD-00900,2026-05-01,C1148,Consumer,East,Montreal,Electronics,Webcam,5,122.15,0,610.75,275.0,335.75,Online,Debit Card,4
ORD-00901,2025-05-31,C1339,Consumer,West,Vancouver,Accessories,Headset,4,90.4,0,361.6,152.0,209.6,Online,PayPal,
ORD-00902,2026-01-09,C1431,Consumer,Central,Toronto,Furniture,Office Chair,1,342.04,0.1,307.84,185.0,122.84,Retail Store,Credit Card,
ORD-00903,2025-10-04,C1015,Consumer,East,Halifax,Electronics,Laptop,1,887.14,0.2,709.71,620.0,89.71,Online,Bank Transfer,4
ORD-00904,2026-01-04,C1347,Corporate,West,Calgary,Electronics,Monitor,1,259.42,0.2,207.54,145.0,62.54,Retail Store,Debit Card,
ORD-00905,2025-09-29,C1266,Consumer,East,Quebec City,Furniture,Office Chair,2,314.85,0,629.7,370.0,259.7,Partner,Credit Card,5
ORD-00906,2026-03-20,C1076,Corporate,Central,Winnipeg,Furniture,Office Chair,1,328.88,0.1,295.99,185.0,110.99,Online,Debit Card,5
ORD-00907,2025-11-07,C1250,Consumer,Central,Ottawa,Electronics,Monitor,4,252.32,0,1009.28,580.0,429.28,Online,Credit Card,5
ORD-00908,2026-03-17,C1393,Consumer,Central,Winnipeg,Electronics,Laptop,1,900.17,0.1,810.15,620.0,190.15,Partner,Credit Card,4
ORD-00909,2025-10-05,C1127,Corporate,West,Calgary,Accessories,Mouse,2,41.72,0,83.44,28.0,55.44,Online,Bank Transfer,5
ORD-00910,2026-02-13,C1071,Consumer,West,Victoria,Accessories,Headset,2,92.73,0.15,157.64,76.0,81.64,Online,PayPal,4
ORD-00911,2025-05-19,C1192,Consumer,Central,Winnipeg,accessories,Mouse,1,40.17,0.1,36.15,14.0,22.15,Retail Store,Credit Card,5
ORD-00912,2025-05-22,C1210,Small Business,East,Quebec City,Furniture,Office Chair,2,328.89,0,657.78,370.0,287.78,Online,Credit Card,
ORD-00913,2025-01-28,C1278,Consumer,Central,Toronto,Accessories,Keyboard,3,67.38,0.05,192.03,84.0,108.03,Online,Credit Card,5
ORD-00914,2026-02-07,C1138,Small Business,West,Victoria,Electronics,Laptop,2,862.61,0.15,1466.44,1240.0,226.44,Retail Store,PayPal,4
ORD-00915,2025-04-10,C1367,Corporate,Central,Winnipeg,Electronics,Webcam,3,120.12,0.05,342.34,165.0,177.34,Online,Debit Card,3
ORD-00916,2026-06-13,C1368,Corporate,West,Calgary,Electronics,Webcam,1,121.53,0,121.53,55.0,66.53,Retail Store,Bank Transfer,3
ORD-00917,2025-07-25,C1012,Corporate,West,Vancouver,Electronics,Laptop,1,864.32,0,864.32,620.0,244.32,Retail Store,Bank Transfer,
ORD-00918,2025-02-26,C1313,Consumer,West,Victoria,Furniture,Standing Desk,2,536.81,0.15,912.58,660.0,252.58,Online,Credit Card,
ORD-00919,2026-03-19,C1279,Corporate,West,Calgary,electronics,Laptop,1,921.74,0,921.74,620.0,301.74,Retail Store,Bank Transfer,4
ORD-00920,2026-05-07,C1054,Consumer,Central,Ottawa,Electronics,Monitor,8,254.93,0,2039.44,1160.0,879.44,Retail Store,Bank Transfer,
ORD-00921,2026-03-12,C1336,Small Business,West,Vancouver,Accessories,Headset,2,91.3,0,182.6,76.0,106.6,Online,Credit Card,
ORD-00922,2025-12-30,C1361,Corporate,West,Victoria,Electronics,Webcam,2,120.03,0.15,204.05,110.0,94.05,Online,Credit Card,5
ORD-00923,2025-06-28,C1401,Small Business,East,Montreal,Furniture,Office Chair,3,318.11,0.15,811.18,555.0,256.18,Online,Bank Transfer,5
ORD-00924,2025-03-11,C1337,Small Business,East,Quebec City,Furniture,Standing Desk,8,550.37,0.1,3962.66,2640.0,1322.66,Online,Debit Card,5
ORD-00925,2025-11-28,C1049,Corporate,East,Halifax,Furniture,Office Chair,2,337.67,0,675.34,370.0,305.34,Online,Bank Transfer,4
ORD-00926,2026-05-03,C1032,Corporate,Central,Toronto,Accessories,Mouse,1,41.88,0,41.88,14.0,27.88,Retail Store,PayPal,3
ORD-00927,2025-04-28,C1055,Consumer,West,Calgary,Electronics,Monitor,2,241.84,0,483.68,290.0,193.68,Retail Store,Bank Transfer,
ORD-00928,2025-05-17,C1082,Consumer,East,Halifax,Accessories,USB-C Hub,1,77.6,0,77.6,31.0,46.6,Online,Debit Card,5
ORD-00929,2025-03-30,C1279,Corporate,East,Montreal,Electronics,Monitor,1,247.69,0,247.69,145.0,102.69,Partner,PayPal,4
ORD-00930,2025-07-09,C1316,Corporate,East,Halifax,Accessories,USB-C Hub,2,78.81,0.05,149.74,62.0,87.74,Retail Store,Credit Card,4
ORD-00931,2026-03-26,C1255,Small Business,Central,Winnipeg,Furniture,Standing Desk,5,528.04,0.05,2508.19,1650.0,858.19,Online,Credit Card,4
ORD-00932,2025-12-05,C1038,Consumer,West,Vancouver,Accessories,Headset,7,93.33,0,653.31,266.0,387.31,Retail Store,PayPal,4
ORD-00933,2026-02-13,C1015,Consumer,East,Montreal,Accessories,USB-C Hub,3,78.09,0.15,199.13,93.0,106.13,Online,PayPal,3
ORD-00934,2026-03-08,C1387,Consumer,Central,Toronto,Furniture,Office Chair,5,324.37,0.1,1459.66,925.0,534.66,Online,Debit Card,3
ORD-00935,2026-05-21,C1306,Small Business,West,Calgary,Electronics,Printer,3,208.99,0.2,501.58,336.0,165.58,Online,Bank Transfer,4
ORD-00936,2025-05-13,C1400,Consumer,Central,Winnipeg,Electronics,Laptop,1,897.97,0,897.97,620.0,277.97,Online,Credit Card,4
ORD-00937,2025-02-26,C1198,Consumer,West,Vancouver,Accessories,USB-C Hub,3,79.85,0,239.55,93.0,146.55,Retail Store,Debit Card,5
ORD-00938,2026-03-17,C1099,Consumer,East,Quebec City,Accessories,USB-C Hub,1,78.93,0.2,63.14,31.0,32.14,Partner,Bank Transfer,5
ORD-00939,2025-03-01,C1290,Consumer,West,Vancouver,Electronics,Monitor,2,257.32,0.15,437.44,290.0,147.44,Retail Store,Credit Card,3
ORD-00940,2025-09-13,C1125,Consumer,West,Vancouver,Electronics,Laptop,1,913.96,0,913.96,620.0,293.96,Online,Debit Card,5
ORD-00941,2026-02-12,C1416,Consumer,Central,Winnipeg,Electronics,Monitor,3,255.12,0,765.36,435.0,330.36,Partner,Debit Card,5
ORD-00942,2026-03-31,C1357,Consumer,East,Quebec City,Furniture,Office Chair,4,322.32,0.05,1224.82,740.0,484.82,Retail Store,Credit Card,4
ORD-00943,2025-12-21,C1379,Consumer,Central,Winnipeg,Electronics,Printer,3,200.41,0.15,511.05,336.0,175.05,Partner,Credit Card,4
ORD-00944,2026-01-17,C1255,Small Business,East,Montreal,Electronics,Laptop,10,865.27,0.05,8220.07,6200.0,2020.07,Retail Store,PayPal,3
ORD-00945,2025-10-12,C1441,Consumer,East,Quebec City,Accessories,Headset,4,89.95,0.05,341.81,152.0,189.81,Online,Bank Transfer,5
ORD-00946,2026-03-31,C1390,Small Business,West,Vancouver,Accessories,Mouse,2,38.12,0.1,68.62,28.0,40.62,Retail Store,Credit Card,5
ORD-00947,2025-12-11,C1376,Consumer,Central,Winnipeg,Accessories,Mouse,6,39.7,0.05,226.29,84.0,142.29,Retail Store,Credit Card,3
ORD-00948,2026-02-02,C1265,Corporate,East,Halifax,Accessories,Headset,5,90.6,0.05,430.35,190.0,240.35,Online,Debit Card,5
ORD-00949,2026-01-26,C1127,Consumer,Central,Winnipeg,Accessories,Mouse,1,38.33,0.2,30.66,14.0,16.66,Retail Store,PayPal,5
ORD-00950,2026-02-09,C1063,Small Business,West,Calgary,Accessories,Headset,2,90.96,0.1,163.73,76.0,87.73,Retail Store,PayPal,5
ORD-00951,2025-09-28,C1284,Consumer,West,Victoria,Electronics,Webcam,1,121.64,0,121.64,55.0,66.64,Online,Bank Transfer,4
ORD-00952,2025-03-01,C1402,Small Business,East,Montreal,Accessories,Headset,6,87.81,0.05,500.52,228.0,272.52,Partner,PayPal,5
ORD-00953,2026-05-22,C1350,Small Business,West,Vancouver,Accessories,Keyboard,1,66.76,0,66.76,28.0,38.76,Online,PayPal,
ORD-00954,2025-02-12,C1439,Small Business,East,Halifax,Accessories,Mouse,1,40.7,0,40.7,14.0,26.7,Online,Credit Card,5
ORD-00955,2025-08-29,C1424,Consumer,Central,Toronto,Electronics,Monitor,2,251.75,0,503.5,290.0,213.5,Online,Credit Card,5
ORD-00956,2026-03-13,C1240,Small Business,Central,Toronto,Electronics,Laptop,1,913.67,0.05,867.99,620.0,247.99,Online,Credit Card,5
ORD-00957,2025-06-14,C1261,Corporate,Central,Toronto,Accessories,Headset,8,92.76,0.05,704.98,304.0,400.98,Online,Debit Card,5
ORD-00958,2026-01-23,C1114,Corporate,East,Montreal,Accessories,Keyboard,2,73.04,0,146.08,56.0,90.08,Online,Credit Card,5
ORD-00959,2026-06-25,C1124,Consumer,West,Calgary,Electronics,Webcam,3,120.89,0,362.67,165.0,197.67,Online,Debit Card,5
ORD-00960,2026-01-06,C1185,Consumer,West,Victoria,Furniture,Office Chair,3,342.54,0.1,924.86,555.0,369.86,Online,PayPal,4
ORD-00961,2026-06-02,C1064,Consumer,West,Victoria,Electronics,Webcam,3,123.91,0.05,353.14,165.0,188.14,Online,Bank Transfer,4
ORD-00962,2025-05-22,C1253,Consumer,East,Quebec City,Accessories,Headset,1,86.83,0.05,82.49,38.0,44.49,Online,Debit Card,4
ORD-00963,2026-04-10,C1445,Small Business,West,Vancouver,Electronics,Monitor,2,240.02,0.05,456.04,290.0,166.04,Retail Store,Bank Transfer,3
ORD-00964,2025-01-25,C1205,Corporate,East,Montreal,Electronics,Monitor,1,246.35,0.15,209.4,145.0,64.4,Partner,PayPal,4
ORD-00965,2025-05-02,C1229,Consumer,Central,Ottawa,Electronics,Printer,3,208.4,0,625.2,336.0,289.2,Retail Store,Bank Transfer,5
ORD-00966,2026-03-23,C1077,Small Business,Central,Ottawa,Accessories,Keyboard,3,70.06,0.15,178.65,84.0,94.65,Retail Store,PayPal,3
ORD-00967,2026-04-10,C1252,Small Business,Central,Ottawa,Electronics,Webcam,1,116.78,0.1,105.1,55.0,50.1,Online,Credit Card,5
ORD-00968,2026-06-15,C1073,Consumer,East,Halifax,Accessories,USB-C Hub,5,77.42,0,387.1,155.0,232.1,Online,Debit Card,3
ORD-00969,2026-03-17,C1249,Consumer,East,Quebec City,Electronics,Printer,5,195.75,0,978.75,560.0,418.75,Online,Debit Card,
ORD-00970,2025-06-23,C1429,Corporate,Central,Ottawa,Electronics,Printer,4,194.13,0,776.52,448.0,328.52,Retail Store,Credit Card,4
ORD-00971,2025-02-10,C1292,Corporate,East,Halifax,Accessories,Mouse,1,41.76,0,41.76,14.0,27.76,Online,Bank Transfer,5
ORD-00972,2026-06-18,C1252,Small Business,West,Victoria,Accessories,Headset,6,93.49,0,560.94,228.0,332.94,Partner,Credit Card,5
ORD-00973,2025-05-21,C1080,Corporate,Central,Winnipeg,Electronics,Monitor,8,239.35,0,1914.8,1160.0,754.8,Retail Store,PayPal,5
ORD-00974,2026-04-10,C1051,Consumer,East,Halifax,Accessories,USB-C Hub,3,76.3,0.15,194.56,93.0,101.56,Retail Store,Debit Card,5
ORD-00975,2025-02-06,C1240,Small Business,East,Halifax,Electronics,Laptop,1,872.6,0,872.6,620.0,252.6,Partner,Bank Transfer,4
ORD-00976,2025-07-11,C1109,Small Business,East,Quebec City,Accessories,Headset,1,92.0,0.05,87.4,38.0,49.4,Online,Bank Transfer,3
ORD-00977,2025-03-10,C1298,Consumer,Central,Winnipeg,Electronics,Printer,1,197.6,0,197.6,112.0,85.6,Online,PayPal,4
ORD-00978,2026-05-11,C1322,Corporate,East,Halifax,Accessories,Keyboard,5,69.92,0.1,314.64,140.0,174.64,Partner,PayPal,5
ORD-00979,2026-05-08,C1166,Corporate,Central,Toronto,Accessories,Mouse,1,41.87,0,41.87,14.0,27.87,Retail Store,Bank Transfer,4
ORD-00980,2025-04-29,C1430,Consumer,West,Victoria,Furniture,Office Chair,3,342.6,0,1027.8,555.0,472.8,Online,Bank Transfer,
ORD-00981,2025-08-29,C1133,Corporate,West,Victoria,Accessories,Headset,2,92.44,0,184.88,76.0,108.88,Retail Store,Bank Transfer,5
ORD-00982,2026-02-05,C1023,Consumer,Central,Ottawa,Furniture,Standing Desk,1,557.48,0,557.48,330.0,227.48,Online,Bank Transfer,5
ORD-00983,2026-02-24,C1066,Small Business,West,Calgary,Accessories,Keyboard,2,70.77,0.2,113.23,56.0,57.23,Online,Credit Card,3
ORD-00984,2026-01-24,C1185,Small Business,West,Calgary,Furniture,Office Chair,6,330.61,0.1,1785.29,1110.0,675.29,Retail Store,Debit Card,4
ORD-00985,2026-02-10,C1006,Corporate,East,Montreal,Accessories,Headset,4,92.09,0,368.36,152.0,216.36,Online,Credit Card,3
ORD-00986,2026-06-24,C1352,Consumer,West,Calgary,Furniture,Standing Desk,4,557.23,0,2228.92,1320.0,908.92,Online,Credit Card,4
ORD-00987,2025-10-06,C1037,Consumer,East,Montreal,Furniture,Standing Desk,3,527.16,0,1581.48,990.0,591.48,Retail Store,Credit Card,5
ORD-00988,2025-01-16,C1439,Consumer,East,Halifax,Electronics,Printer,6,206.62,0,1239.72,672.0,567.72,Retail Store,PayPal,5
ORD-00989,2026-03-12,C1192,Consumer,East,Halifax,Electronics,Laptop,1,906.85,0.2,725.48,620.0,105.48,Online,Bank Transfer,5
ORD-00990,2025-04-06,C1254,Consumer,West,Victoria,Accessories,USB-C Hub,1,79.05,0.05,75.1,31.0,44.1,Retail Store,PayPal,5
ORD-00991,2025-04-21,C1329,Consumer,Central,Toronto,Electronics,Printer,10,201.25,0,2012.5,1120.0,892.5,Online,PayPal,5
ORD-00992,2025-05-28,C1206,Consumer,East,Montreal,Electronics,Monitor,2,239.59,0.05,455.22,290.0,165.22,Partner,Debit Card,
ORD-00993,2025-03-02,C1208,Consumer,Central,Ottawa,Furniture,Standing Desk,1,553.58,0,553.58,330.0,223.58,Online,PayPal,3
ORD-00994,2025-08-03,C1284,Corporate,East,Quebec City,Accessories,USB-C Hub,2,79.85,0.05,151.71,62.0,89.71,Online,Credit Card,4
ORD-00995,2026-03-12,C1445,Consumer,East,Montreal,Furniture,Standing Desk,1,533.35,0,533.35,330.0,203.35,Retail Store,Credit Card,4
ORD-00996,2026-03-11,C1222,Small Business,Central,Toronto,Accessories,USB-C Hub,2,78.36,0,156.72,62.0,94.72,Retail Store,PayPal,5
ORD-00997,2026-06-20,C1365,Consumer,Central,Winnipeg,Furniture,Office Chair,2,339.98,0.1,611.96,370.0,241.96,Online,PayPal,5
ORD-00998,2026-04-29,C1424,Small Business,Central,Toronto,Furniture,Office Chair,6,330.79,0,1984.74,1110.0,874.74,Partner,Credit Card,
ORD-00999,2025-11-22,C1275,Corporate,Central,Toronto,Accessories,Keyboard,2,67.89,0.1,122.2,56.0,66.2,Online,PayPal,
ORD-01000,2025-04-07,C1007,Consumer,West,Calgary,Electronics,Webcam,2,118.13,0.15,200.82,110.0,90.82,Retail Store,PayPal,4
ORD-01001,2025-10-19,C1103,Small Business,Central,Winnipeg,Accessories,Headset,2,91.26,0.05,173.39,76.0,97.39,Partner,Debit Card,4
ORD-01002,2025-04-16,C1196,Small Business,East,Montreal,Accessories,Headset,1,91.29,0.05,86.73,38.0,48.73,Online,PayPal,5
ORD-01003,2026-04-30,C1084,Corporate,West,Vancouver,Electronics,Laptop,4,868.17,0.1,3125.41,2480.0,645.41,Online,Credit Card,
ORD-01004,2025-11-28,C1123,Consumer,West,Vancouver,Accessories,Keyboard,2,69.99,0,139.98,56.0,83.98,Retail Store,Bank Transfer,5
ORD-01005,2026-01-30,C1085,Consumer,East,Quebec City,Furniture,Office Chair,1,341.28,0.15,290.09,185.0,105.09,Retail Store,Debit Card,5
ORD-01006,2026-03-24,C1091,Consumer,East,Quebec City,Electronics,Webcam,3,121.81,0.15,310.62,165.0,145.62,Online,PayPal,3
ORD-01007,2026-04-23,C1091,Small Business,East,Quebec City,Furniture,Standing Desk,1,543.53,0.15,462.0,330.0,132.0,Partner,Debit Card,3
ORD-01008,2026-03-29,C1006,Consumer,Central,Winnipeg,Accessories,Mouse,1,39.01,0,39.01,14.0,25.01,Online,Credit Card,5
ORD-01009,2025-10-09,C1421,Small Business,East,Quebec City,Furniture,Standing Desk,1,575.9,0.1,518.31,330.0,188.31,Online,Bank Transfer,3
ORD-01010,2026-04-11,C1313,Small Business,Central,Toronto,Electronics,Webcam,3,118.42,0,355.26,165.0,190.26,Retail Store,Debit Card,4
ORD-01011,2025-05-15,C1436,Small Business,West,Victoria,Electronics,Monitor,1,251.09,0,251.09,145.0,106.09,Online,Credit Card,4
ORD-01012,2025-12-07,C1213,Small Business,East,Quebec City,Accessories,Keyboard,7,73.07,0.05,485.92,196.0,289.92,Partner,Credit Card,3
ORD-01013,2025-07-17,C1088,Consumer,East,Montreal,Accessories,Headset,1,90.04,0,90.04,38.0,52.04,Online,PayPal,3
ORD-01014,2025-10-08,C1059,Small Business,East,Quebec City,Electronics,Monitor,1,249.07,0.05,236.62,145.0,91.62,Retail Store,Debit Card,4
ORD-01015,2025-03-30,C1235,Consumer,West,Victoria,Electronics,Printer,3,202.75,0,608.25,336.0,272.25,Online,Debit Card,4
ORD-01016,2025-11-12,C1071,Small Business,East,Halifax,Accessories,Mouse,4,39.14,0,156.56,56.0,100.56,Online,Bank Transfer,5
ORD-01017,2025-08-20,C1296,Consumer,West,Victoria,Accessories,Mouse,1,39.95,0,39.95,14.0,25.95,Retail Store,PayPal,5
ORD-01018,2026-06-20,C1359,Corporate,Central,Winnipeg,Accessories,Keyboard,1,67.96,0.05,64.56,28.0,36.56,Online,PayPal,5
ORD-01019,2025-10-23,C1111,Small Business,West,Victoria,Accessories,USB-C Hub,2,77.68,0.05,147.59,62.0,85.59,Online,PayPal,
ORD-01020,2025-02-02,C1017,Consumer,West,Calgary,Accessories,Keyboard,2,71.1,0.05,135.09,56.0,79.09,Online,Credit Card,5
ORD-01021,2026-01-03,C1083,Consumer,West,Vancouver,Furniture,Standing Desk,2,542.18,0,1084.36,660.0,424.36,Partner,Debit Card,
ORD-01022,2025-01-23,C1370,Small Business,Central,Winnipeg,Electronics,Webcam,2,116.91,0.05,222.13,110.0,112.13,Retail Store,PayPal,5
ORD-01023,2026-05-10,C1055,Corporate,East,Quebec City,Accessories,Headset,1,93.83,0.15,79.76,38.0,41.76,Online,Bank Transfer,5
ORD-01024,2025-10-03,C1268,Consumer,East,Quebec City,Electronics,Printer,1,209.29,0.15,177.9,112.0,65.9,Partner,Debit Card,4
ORD-01025,2025-05-14,C1084,Consumer,East,Quebec City,Electronics,Laptop,10,896.27,0.1,8066.43,6200.0,1866.43,Retail Store,Credit Card,
ORD-01026,2025-06-01,C1078,Consumer,West,Vancouver,Accessories,Headset,1,92.01,0.05,87.41,38.0,49.41,Partner,Credit Card,5
ORD-01027,2026-05-04,C1425,Small Business,West,Victoria,Electronics,Monitor,2,254.2,0.15,432.14,290.0,142.14,Retail Store,Debit Card,
ORD-01028,2025-04-09,C1373,Consumer,Central,Toronto,Furniture,Office Chair,4,340.54,0.15,1157.84,740.0,417.84,Retail Store,Bank Transfer,5
ORD-01029,2025-03-15,C1256,Corporate,Central,Ottawa,Electronics,Printer,1,197.24,0,197.24,112.0,85.24,Online,Bank Transfer,3
ORD-01030,2025-03-21,C1092,Consumer,East,Montreal,Accessories,Keyboard,2,69.18,0,138.36,56.0,82.36,Online,Debit Card,5
ORD-01031,2025-10-19,C1427,Corporate,Central,Ottawa,Electronics,Webcam,1,122.18,0,122.18,55.0,67.18,Online,Bank Transfer,4
ORD-01032,2025-03-26,C1259,Consumer,Central,Winnipeg,electronics,Monitor,3,240.71,0,722.13,435.0,287.13,Retail Store,Bank Transfer,5
ORD-01033,2025-01-12,C1413,Consumer,Central,Winnipeg,Furniture,Standing Desk,2,528.87,0.1,951.97,660.0,291.97,Online,PayPal,
ORD-01034,2026-04-30,C1445,Consumer,East,Quebec City,accessories,USB-C Hub,10,82.07,0.05,779.66,310.0,469.66,Online,Debit Card,4
ORD-01035,2025-01-08,C1237,Consumer,Central,Winnipeg,Electronics,Printer,1,198.69,0.15,168.89,112.0,56.89,Retail Store,Credit Card,5
ORD-01036,2025-05-05,C1392,Small Business,Central,Ottawa,Furniture,Office Chair,1,335.76,0.05,318.97,185.0,133.97,Online,PayPal,3
ORD-01037,2025-07-03,C1018,Consumer,Central,Ottawa,Furniture,Standing Desk,1,542.14,0.05,515.03,330.0,185.03,Retail Store,Debit Card,5
ORD-01038,2025-06-29,C1234,Consumer,West,Calgary,Electronics,Monitor,1,246.12,0.15,209.2,145.0,64.2,Online,Bank Transfer,4
ORD-01039,2025-02-11,C1262,Small Business,West,Victoria,Furniture,Office Chair,1,316.83,0.1,285.15,185.0,100.15,Retail Store,PayPal,4
ORD-01040,2025-11-06,C1059,Small Business,Central,Ottawa,Electronics,Laptop,2,862.13,0.1,1551.83,1240.0,311.83,Retail Store,PayPal,4
ORD-01041,2025-11-07,C1140,Consumer,East, Halifax,Accessories,USB-C Hub,6,79.77,0,478.62,186.0,292.62,Retail Store,PayPal,4
ORD-01042,2026-05-29,C1400,Consumer,East,Montreal,Electronics,Printer,2,194.13,0,388.26,224.0,164.26,Online,Debit Card,5
ORD-01043,2025-10-09,C1113,Small Business,Central,Ottawa,Electronics,Printer,4,204.17,0,816.68,448.0,368.68,Online,PayPal,4
ORD-01044,2026-04-17,C1177,Consumer,East,Quebec City,Electronics,Printer,1,196.8,0,196.8,112.0,84.8,Partner,Debit Card,
ORD-01045,2026-04-19,C1292,Consumer,East,Quebec City,Accessories,Mouse,2,40.63,0.05,77.2,28.0,49.2,Online,Bank Transfer,4
ORD-01046,2025-12-20,C1299,Consumer,West,Vancouver,Accessories,USB-C Hub,4,76.23,0.1,274.43,124.0,150.43,Online,PayPal,4
ORD-01047,2026-03-18,C1310,Consumer,Central,Toronto,Accessories,Headset,2,86.68,0.15,147.36,76.0,71.36,Online,Credit Card,4
ORD-01048,2026-02-10,C1205,Consumer,West,Vancouver,Electronics,Monitor,2,255.85,0.1,460.53,290.0,170.53,Online,PayPal,5
ORD-01049,2025-08-11,C1390,Consumer,Central,Winnipeg,Accessories,Headset,1,94.13,0.15,80.01,38.0,42.01,Online,Bank Transfer,5
ORD-01050,2025-08-19,C1001,Corporate,Central,Ottawa,Electronics,Webcam,1,118.79,0.15,100.97,55.0,45.97,Online,Bank Transfer,5
ORD-01051,2025-06-26,C1114,Consumer,East,Montreal,furniture,Standing Desk,2,524.09,0,1048.18,660.0,388.18,Online,Credit Card,4
ORD-01052,2026-02-23,C1380,Small Business,West,Victoria,Electronics,Printer,1,197.4,0,197.4,112.0,85.4,Online,Debit Card,5
ORD-01053,2025-06-15,C1015,Corporate,Central,Ottawa,Accessories,Mouse,1,39.16,0,39.16,14.0,25.16,Partner,Bank Transfer,4
ORD-01054,2026-04-16,C1411,Consumer,West,Calgary,Electronics,Printer,2,202.82,0.05,385.36,224.0,161.36,Online,Debit Card,5
ORD-01055,2025-09-08,C1441,Consumer,Central,Winnipeg,Electronics,Monitor,1,262.38,0.15,223.02,145.0,78.02,Retail Store,Credit Card,5
ORD-01056,2026-03-04,C1246,Small Business,Central,Winnipeg,Accessories,USB-C Hub,1,76.18,0.05,72.37,31.0,41.37,Retail Store,PayPal,3
ORD-01057,2026-02-12,C1053,Corporate,East,Montreal,Furniture,Office Chair,2,339.47,0.05,644.99,370.0,274.99,Retail Store,PayPal,4
ORD-01058,2025-04-25,C1049,Consumer,East,Montreal,Furniture,Office Chair,2,320.42,0.1,576.76,370.0,206.76,Partner,Credit Card,5
ORD-01059,2026-04-15,C1132,Consumer,East,Quebec City,Accessories,Mouse,4,39.79,0,159.16,56.0,103.16,Retail Store,Credit Card,5
ORD-01060,2025-05-24,C1366,Corporate,West,Calgary,Accessories,Headset,1,88.25,0.1,79.42,38.0,41.42,Retail Store,PayPal,4
ORD-01061,2026-05-02,C1131,Corporate,East,Quebec City,Accessories,Headset,1,93.22,0.05,88.56,38.0,50.56,Online,Credit Card,4
ORD-01062,2025-08-05,C1207,Consumer,East,Quebec City,Accessories,Keyboard,2,73.46,0.1,132.23,56.0,76.23,Retail Store,Debit Card,
ORD-01063,2025-12-19,C1445,Consumer,East,Montreal,Electronics,Printer,5,199.69,0.15,848.68,560.0,288.68,Online,Debit Card,
ORD-01064,2026-05-11,C1404,Consumer,Central,Toronto,Electronics,Monitor,1,256.94,0,256.94,145.0,111.94,Online,Debit Card,4
ORD-01065,2026-01-01,C1268,Corporate,Central,Ottawa,Electronics,Printer,6,205.65,0.15,1048.82,672.0,376.82,Retail Store,Debit Card,4
ORD-01066,2026-01-08,C1433,Corporate,East,Montreal,Furniture,Standing Desk,3,575.38,0,1726.14,990.0,736.14,Retail Store,Credit Card,4
ORD-01067,2026-04-03,C1116,Small Business,East,Halifax,Accessories,Mouse,1,41.42,0.15,35.21,14.0,21.21,Online,Debit Card,
ORD-01068,2025-02-11,C1067,Small Business,East,Quebec City,Accessories,USB-C Hub,1,83.24,0.15,70.75,31.0,39.75,Retail Store,Credit Card,5
ORD-01069,2025-08-01,C1404,Consumer,West,Vancouver,Electronics,Printer,4,191.01,0.15,649.43,448.0,201.43,Online,Debit Card,4
ORD-01070,2026-05-05,C1004,Consumer,West,Victoria,Electronics,Monitor,2,244.99,0.05,465.48,290.0,175.48,Retail Store,Credit Card,5
ORD-01071,2026-03-30,C1307,Small Business,East,Montreal,Electronics,Printer,4,205.08,0,820.32,448.0,372.32,Online,Bank Transfer,5
ORD-01072,2025-06-30,C1140,Corporate,Central,Winnipeg,Electronics,Webcam,2,116.98,0.15,198.87,110.0,88.87,Online,Bank Transfer,5
ORD-01073,2025-04-25,C1221,Corporate,West,Victoria,Electronics,Laptop,1,860.89,0,860.89,620.0,240.89,Online,Credit Card,5
ORD-01074,2026-03-30,C1156,Consumer,Central,Winnipeg,Accessories,USB-C Hub,4,78.45,0,313.8,124.0,189.8,Online,Bank Transfer,5
ORD-01075,2025-04-16,C1087,Small Business,East,Quebec City,Electronics,Printer,1,197.91,0,197.91,112.0,85.91,Online,Debit Card,4
ORD-01076,2025-11-30,C1189,Small Business,East,Quebec City,Electronics,Printer,5,199.43,0.15,847.58,560.0,287.58,Online,PayPal,4
ORD-01077,2025-12-08,C1028,Consumer,East,Quebec City,Furniture,Office Chair,3,338.64,0.05,965.12,555.0,410.12,Online,PayPal,5
ORD-01078,2025-05-24,C1012,Consumer,Central,Ottawa,Electronics,Laptop,4,929.92,0,3719.68,2480.0,1239.68,Retail Store,Bank Transfer,5
ORD-01079,2026-01-27,C1038,Small Business,Central,Winnipeg,Accessories,USB-C Hub,3,78.18,0.05,222.81,93.0,129.81,Retail Store,Debit Card,4
ORD-01080,2025-11-30,C1249,Corporate,East,Quebec City,Electronics,Printer,4,203.75,0.1,733.5,448.0,285.5,Online,PayPal,4
ORD-01081,2026-01-20,C1068,Consumer,West,Vancouver,Electronics,Laptop,3,864.98,0.15,2205.7,1860.0,345.7,Online,PayPal,4
ORD-01082,2026-02-28,C1390,Consumer,West,Vancouver,Electronics,Printer,1,201.44,0,201.44,112.0,89.44,Online,PayPal,5
ORD-01083,2025-01-23,C1164,Consumer,West,Vancouver,Furniture,Office Chair,8,320.58,0.1,2308.18,1480.0,828.18,Retail Store,Debit Card,
ORD-01084,2026-04-17,C1061,Small Business,Central,Ottawa,Accessories,Mouse,3,38.08,0.1,102.82,42.0,60.82,Online,Bank Transfer,5
ORD-01085,2026-02-10,C1258,Corporate,Central,Toronto,Accessories,USB-C Hub,1,83.95,0.05,79.75,31.0,48.75,Online,Bank Transfer,5
ORD-01086,2025-10-17,C1408,Small Business,East,Quebec City,Electronics,Monitor,3,250.78,0.1,677.11,435.0,242.11,Partner,Bank Transfer,4
ORD-01087,2025-07-15,C1169,Consumer,West,Calgary,Furniture,Standing Desk,4,530.86,0.2,1698.75,1320.0,378.75,Partner,Debit Card,4
ORD-01088,2025-12-14,C1115,Consumer,Central,Winnipeg,Furniture,Standing Desk,5,543.94,0.1,2447.73,1650.0,797.73,Online,Bank Transfer,5
ORD-01089,2025-06-04,C1294,Consumer,Central,Toronto,Electronics,Printer,3,205.39,0.1,554.55,336.0,218.55,Online,Debit Card,5
ORD-01090,2025-07-13,C1276,Consumer,West,Vancouver,Accessories,Headset,1,92.5,0.15,78.62,38.0,40.62,Retail Store,Credit Card,5
ORD-01091,2025-12-02,C1013,Consumer,Central,Toronto,Accessories,Mouse,2,41.67,0,83.34,28.0,55.34,Partner,Bank Transfer,4
ORD-01092,2025-05-07,C1101,Corporate,Central,Toronto,Electronics,Webcam,5,119.25,0,596.25,275.0,321.25,Online,Bank Transfer,4
ORD-01093,2025-05-08,C1250,Small Business,West,Vancouver,Accessories,USB-C Hub,6,76.95,0.1,415.53,186.0,229.53,Online,PayPal,5
ORD-01094,2026-03-02,C1003,Consumer,West,Vancouver,Electronics,Monitor,4,248.91,0,995.64,580.0,415.64,Online,Bank Transfer,5
ORD-01095,2026-02-14,C1359,Corporate,West,Victoria,Furniture,Office Chair,8,323.41,0.15,2199.19,1480.0,719.19,Online,Bank Transfer,4
ORD-01096,2026-04-28,C1071,Corporate,West, Victoria,Furniture,Office Chair,1,330.6,0,330.6,185.0,145.6,Online,Credit Card,
ORD-01097,2025-03-04,C1077,Consumer,East,Montreal,Accessories,Headset,2,93.92,0,187.84,76.0,111.84,Online,PayPal,4
ORD-01098,2025-04-23,C1014,Consumer,West,Vancouver,Electronics,Webcam,1,121.45,0.15,103.23,55.0,48.23,Online,PayPal,3
ORD-01099,2025-01-30,C1080,Consumer,Central,Toronto,Accessories,Keyboard,6,70.17,0.05,399.97,168.0,231.97,Online,Credit Card,4
ORD-01100,2025-12-24,C1225,Consumer,West,Vancouver,Furniture,Standing Desk,12,569.58,0.2,5467.97,3960.0,1507.97,Online,Credit Card,4
ORD-01101,2025-11-15,C1252,Small Business,Central,Ottawa,accessories,Headset,2,91.94,0.05,174.69,76.0,98.69,Online,Debit Card,4
ORD-01102,2025-08-13,C1053,Consumer,East,Montreal,Accessories,Keyboard,1,72.7,0.05,69.06,28.0,41.06,Online,Debit Card,4
ORD-01103,2025-09-14,C1136,Corporate,West,Calgary,Accessories,Headset,1,90.68,0.05,86.15,38.0,48.15,Retail Store,PayPal,4
ORD-01104,2026-03-09,C1024,Corporate,Central,Winnipeg,Accessories,Keyboard,2,69.19,0.15,117.62,56.0,61.62,Online,Debit Card,4
ORD-01105,2025-01-15,C1439,Consumer,West,Calgary,Electronics,Laptop,5,898.26,0,4491.3,3100.0,1391.3,Online,Debit Card,5
ORD-01106,2026-02-20,C1172,Consumer,Central,Toronto,Electronics,Webcam,3,123.21,0,369.63,165.0,204.63,Online,Debit Card,5
ORD-01107,2025-09-19,C1400,Consumer,Central,Ottawa,Accessories,USB-C Hub,2,78.09,0.1,140.56,62.0,78.56,Partner,Bank Transfer,5
ORD-01108,2025-01-27,C1447,Consumer,East,Montreal,Electronics,Monitor,1,244.88,0.05,232.64,145.0,87.64,Online,PayPal,5
ORD-01109,2026-04-09,C1261,Corporate,Central,Winnipeg,Electronics,Monitor,8,259.63,0.15,1765.48,1160.0,605.48,Online,Debit Card,4
ORD-01110,2025-08-16,C1272,Small Business,West,Vancouver,Furniture,Office Chair,2,315.04,0.05,598.58,370.0,228.58,Retail Store,Debit Card,5
ORD-01111,2026-06-28,C1384,Consumer,West,Victoria,Accessories,Keyboard,1,72.39,0.05,68.77,28.0,40.77,Retail Store,Bank Transfer,4
ORD-01112,2025-07-27,C1069,Corporate,Central,Toronto,Furniture,Standing Desk,1,548.23,0.15,466.0,330.0,136.0,Partner,Credit Card,5
ORD-01113,2025-03-18,C1386,Consumer,Central,Winnipeg,Accessories,USB-C Hub,3,76.52,0.05,218.08,93.0,125.08,Retail Store,Debit Card,5
ORD-01114,2025-05-28,C1179,Consumer,Central,Toronto,Accessories,Mouse,2,38.98,0.05,74.06,28.0,46.06,Online,Debit Card,4
ORD-01115,2025-10-10,C1141,Small Business,West,Victoria,Electronics,Monitor,3,241.05,0,723.15,435.0,288.15,Retail Store,Credit Card,5
ORD-01116,2025-05-01,C1063,Small Business,East,Quebec City,Accessories,USB-C Hub,1,78.38,0.1,70.54,31.0,39.54,Online,Debit Card,
ORD-01117,2025-03-14,C1218,Consumer,East,Quebec City,Accessories,Headset,8,91.13,0,729.04,304.0,425.04,Retail Store,Bank Transfer,4
ORD-01118,2025-10-26,C1435,Small Business,West,Calgary,Electronics,Monitor,1,243.52,0.15,206.99,145.0,61.99,Partner,Bank Transfer,
ORD-01119,2026-03-08,C1260,Consumer,West,Calgary,Electronics,Monitor,5,243.78,0,1218.9,725.0,493.9,Retail Store,Bank Transfer,5
ORD-01120,2025-09-15,C1340,Corporate,Central, Toronto,Electronics,Laptop,1,908.19,0.05,862.78,620.0,242.78,Online,Credit Card,5
ORD-01121,2026-05-15,C1302,Consumer,East,Halifax,Electronics,Printer,2,202.02,0,404.04,224.0,180.04,Partner,Credit Card,4
ORD-01122,2025-05-01,C1177,Corporate,West,Victoria,Electronics,Printer,3,204.88,0,614.64,336.0,278.64,Online,Bank Transfer,
ORD-01123,2026-06-20,C1050,Consumer,West,Victoria,Furniture,Standing Desk,3,574.52,0,1723.56,990.0,733.56,Retail Store,Bank Transfer,5
ORD-01124,2025-01-30,C1401,Small Business,East,Quebec City,Accessories,Headset,2,87.98,0.2,140.77,76.0,64.77,Online,PayPal,3
ORD-01125,2026-04-15,C1379,Consumer,East,Halifax,Accessories,Headset,4,91.32,0.15,310.49,152.0,158.49,Retail Store,PayPal,5
ORD-01126,2025-06-26,C1156,Consumer,Central,Toronto,Furniture,Office Chair,2,323.94,0.2,518.3,370.0,148.3,Retail Store,Credit Card,4
ORD-01127,2026-02-20,C1172,Small Business,Central,Winnipeg,Electronics,Webcam,3,119.82,0.15,305.54,165.0,140.54,Online,PayPal,
ORD-01128,2025-06-13,C1387,Small Business,West,Victoria,Electronics,Laptop,1,905.43,0.1,814.89,620.0,194.89,Partner,Bank Transfer,4
ORD-01129,2025-03-19,C1174,Corporate,West,Vancouver,Electronics,Monitor,3,241.13,0.15,614.88,435.0,179.88,Retail Store,Bank Transfer,5
ORD-01130,2025-05-17,C1125,Corporate,Central,Toronto,Accessories,Headset,3,92.92,0,278.76,114.0,164.76,Online,PayPal,4
ORD-01131,2025-01-27,C1124,Consumer,Central,Toronto,Accessories,Mouse,1,38.04,0,38.04,14.0,24.04,Retail Store,Bank Transfer,3
ORD-01132,2026-03-26,C1294,Consumer,Central,Winnipeg,Accessories,USB-C Hub,10,79.19,0.05,752.3,310.0,442.3,Online,PayPal,5
ORD-01133,2026-01-08,C1354,Corporate,Central,Ottawa,Furniture,Office Chair,2,316.03,0.05,600.46,370.0,230.46,Online,PayPal,4
ORD-01134,2025-09-10,C1053,Corporate,East,Halifax,Accessories,Keyboard,1,70.24,0.1,63.22,28.0,35.22,Partner,PayPal,4
ORD-01135,2025-08-18,C1087,Consumer,Central,Ottawa,Electronics,Printer,5,191.28,0.05,908.58,560.0,348.58,Online,Bank Transfer,3
ORD-01136,2025-02-28,C1372,Consumer,Central,Ottawa,Accessories,Keyboard,1,68.25,0,68.25,28.0,40.25,Partner,Bank Transfer,3
ORD-01137,2026-03-18,C1291,Consumer,East,Montreal,Furniture,Standing Desk,1,540.67,0.1,486.6,330.0,156.6,Retail Store,Debit Card,5
ORD-01138,2025-11-19,C1211,Consumer,West,Calgary,Electronics,Laptop,5,910.24,0.2,3640.96,3100.0,540.96,Online,Debit Card,4
ORD-01139,2025-09-12,C1206,Corporate,East,Montreal,Accessories,Keyboard,1,67.15,0,67.15,28.0,39.15,Retail Store,Bank Transfer,5
ORD-01140,2026-01-26,C1129,Consumer,East,Quebec City,Accessories,Keyboard,5,69.5,0,347.5,140.0,207.5,Online,Credit Card,
ORD-01141,2025-07-08,C1268,Corporate,Central,Ottawa,Accessories,Mouse,1,41.0,0,41.0,14.0,27.0,Retail Store,Credit Card,5
ORD-01142,2025-03-04,C1156,Consumer,East,Montreal,Furniture,Office Chair,1,324.28,0,324.28,185.0,139.28,Partner,PayPal,3
ORD-01143,2025-03-13,C1079,Consumer,West,Vancouver,Electronics,Printer,2,203.65,0,407.3,224.0,183.3,Partner,Debit Card,5
ORD-01144,2026-03-28,C1406,Corporate,East,Montreal,Accessories,USB-C Hub,1,80.29,0,80.29,31.0,49.29,Online,PayPal,4
ORD-01145,2025-10-26,C1313,Consumer,West,Victoria,Accessories,Keyboard,2,67.58,0,135.16,56.0,79.16,Online,Bank Transfer,5
ORD-01146,2026-02-03,C1406,Consumer,Central,Toronto,Accessories,USB-C Hub,1,79.92,0.2,63.94,31.0,32.94,Online,Credit Card,5
ORD-01147,2026-01-02,C1294,Consumer,West,Victoria,Electronics,Printer,1,200.54,0,200.54,112.0,88.54,Retail Store,Debit Card,5
ORD-01148,2025-10-17,C1251,Consumer,Central,Toronto,Electronics,Webcam,4,118.51,0.05,450.34,220.0,230.34,Retail Store,Bank Transfer,3
ORD-01149,2025-04-17,C1357,Consumer,Central,Winnipeg,Electronics,Webcam,3,123.24,0.1,332.75,165.0,167.75,Partner,Credit Card,3
ORD-01150,2025-07-12,C1014,Small Business,West,Victoria,Electronics,Printer,3,190.95,0,572.85,336.0,236.85,Online,PayPal,3
ORD-01151,2026-01-30,C1091,Corporate,West,Victoria,Accessories,USB-C Hub,1,80.18,0.1,72.16,31.0,41.16,Partner,Credit Card,5
ORD-01152,2025-08-08,C1327,Small Business,West,Victoria,Accessories,Keyboard,6,67.94,0,407.64,168.0,239.64,Online,Credit Card,3
ORD-01153,2026-01-26,C1090,Consumer,West,Calgary,Electronics,Monitor,6,258.27,0.1,1394.66,870.0,524.66,Online,Debit Card,5
ORD-01154,2026-01-16,C1292,Consumer,Central,Toronto,Accessories,Keyboard,1,69.45,0.15,59.03,28.0,31.03,Retail Store,Debit Card,5
ORD-01155,2025-10-07,C1249,Consumer,Central,Winnipeg,Electronics,Laptop,2,928.49,0.15,1578.43,1240.0,338.43,Online,Credit Card,5
ORD-01156,2026-02-09,C1405,Small Business,West,Calgary,Electronics,Webcam,1,115.9,0,115.9,55.0,60.9,Online,Credit Card,
ORD-01157,2025-07-07,C1274,Consumer,East,Quebec City,Accessories,Keyboard,8,69.28,0.15,471.1,224.0,247.1,Retail Store,PayPal,5
ORD-01158,2025-09-25,C1065,Corporate,West,Vancouver,Furniture,Standing Desk,4,549.88,0.05,2089.54,1320.0,769.54,Partner,Bank Transfer,3
ORD-01159,2026-05-06,C1223,Consumer,West,Vancouver,Accessories,Mouse,1,38.26,0.1,34.43,14.0,20.43,Online,Bank Transfer,5
ORD-01160,2025-05-27,C1022,Consumer,Central,Winnipeg,Electronics,Laptop,3,920.23,0.1,2484.62,1860.0,624.62,Partner,Debit Card,3
ORD-01161,2025-12-16,C1032,Corporate,Central,Toronto,Furniture,Office Chair,4,344.73,0,1378.92,740.0,638.92,Online,Debit Card,4
ORD-01162,2025-07-19,C1082,Consumer,Central,Winnipeg,Electronics,Webcam,1,117.44,0.05,111.57,55.0,56.57,Retail Store,PayPal,4
ORD-01163,2025-02-28,C1189,Consumer,West,Calgary,Electronics,Monitor,2,260.81,0,521.62,290.0,231.62,Retail Store,Debit Card,3
ORD-01164,2025-04-17,C1114,Small Business,East,Montreal,Electronics,Laptop,2,865.76,0.1,1558.37,1240.0,318.37,Retail Store,Credit Card,3
ORD-01165,2025-01-21,C1349,Consumer,East,Quebec City,Electronics,Printer,3,204.95,0.05,584.11,336.0,248.11,Retail Store,PayPal,
ORD-01166,2025-12-20,C1374,Consumer,East,Quebec City,Electronics,Webcam,8,115.72,0,925.76,440.0,485.76,Retail Store,Bank Transfer,4
ORD-01167,2025-09-21,C1436,Consumer,West,Victoria,Electronics,Laptop,2,934.17,0.05,1774.92,1240.0,534.92,Online,Bank Transfer,4
ORD-01168,2025-05-09,C1198,Consumer,East,Quebec City,Accessories,Mouse,8,39.77,0.1,286.34,112.0,174.34,Online,PayPal,
ORD-01169,2025-12-12,C1337,Consumer,Central,Winnipeg,Furniture,Standing Desk,3,553.75,0.1,1495.12,990.0,505.12,Online,Bank Transfer,5
ORD-01170,2026-02-23,C1426,Consumer,Central,Winnipeg,Accessories,Headset,1,88.19,0.1,79.37,38.0,41.37,Online,Credit Card,5
ORD-01171,2025-07-24,C1012,Small Business,West,Victoria,accessories,USB-C Hub,5,83.54,0.05,396.81,155.0,241.81,Partner,Bank Transfer,4
ORD-01172,2025-06-26,C1162,Small Business,Central,Winnipeg,Electronics,Printer,4,193.0,0.1,694.8,448.0,246.8,Retail Store,Debit Card,
ORD-01173,2025-05-14,C1402,Small Business,Central,Ottawa,Electronics,Printer,8,203.51,0.15,1383.87,896.0,487.87,Retail Store,Credit Card,4
ORD-01174,2025-01-22,C1109,Consumer,West,Vancouver,Furniture,Office Chair,5,318.46,0,1592.3,925.0,667.3,Partner,Credit Card,5
ORD-01175,2026-01-07,C1410,Consumer,East,Quebec City,Electronics,Printer,6,196.06,0,1176.36,672.0,504.36,Online,Debit Card,4
ORD-01176,2025-06-17,C1143,Consumer,Central,Toronto,Accessories,USB-C Hub,6,81.59,0.1,440.59,186.0,254.59,Retail Store,Credit Card,4
ORD-01177,2025-05-31,C1352,Consumer,Central,Toronto,Electronics,Laptop,1,856.79,0,856.79,620.0,236.79,Online,Bank Transfer,5
ORD-01178,2025-07-06,C1035,Small Business,Central,Toronto,Electronics,Webcam,8,124.63,0.2,797.63,440.0,357.63,Partner,Debit Card,4
ORD-01179,2025-11-04,C1364,Corporate,East,Quebec City,Accessories,Keyboard,2,70.93,0,141.86,56.0,85.86,Partner,PayPal,4
ORD-01180,2026-05-22,C1266,Consumer,West,Calgary,Electronics,Printer,2,195.6,0,391.2,224.0,167.2,Partner,Bank Transfer,3
ORD-01181,2025-11-23,C1234,Consumer,West,Vancouver,Accessories,Mouse,5,39.08,0,195.4,70.0,125.4,Partner,PayPal,4
ORD-01182,2025-02-02,C1018,Consumer,West,Calgary,Electronics,Laptop,3,889.19,0.15,2267.43,1860.0,407.43,Online,Bank Transfer,5
ORD-01183,2025-12-10,C1144,Consumer,Central,Winnipeg,Furniture,Standing Desk,3,552.87,0.1,1492.75,990.0,502.75,Partner,Credit Card,5
ORD-01184,2026-04-06,C1124,Corporate,East,Montreal,Furniture,Office Chair,5,338.64,0,1693.2,925.0,768.2,Online,Debit Card,4
ORD-01185,2026-01-18,C1413,Small Business,West,Vancouver,Electronics,Printer,4,190.26,0,761.04,448.0,313.04,Partner,Credit Card,5
ORD-01186,2025-06-09,C1071,Consumer,East,Halifax,Electronics,Webcam,3,114.66,0.05,326.78,165.0,161.78,Retail Store,Credit Card,4
ORD-01187,2025-07-10,C1164,Small Business,West,Calgary,Electronics,Monitor,1,239.48,0,239.48,145.0,94.48,Online,Bank Transfer,4
ORD-01188,2025-07-22,C1226,Consumer,East,Quebec City,Electronics,Printer,3,207.21,0.05,590.55,336.0,254.55,Retail Store,Credit Card,4
ORD-01189,2025-03-23,C1038,Consumer,West,Vancouver,Accessories,Headset,1,91.82,0.1,82.64,38.0,44.64,Partner,Debit Card,4
ORD-01190,2025-11-26,C1128,Small Business,West,Vancouver,Furniture,Standing Desk,4,538.19,0.05,2045.12,1320.0,725.12,Retail Store,Debit Card,5
ORD-01191,2026-06-28,C1030,Consumer,West,Calgary,Accessories,Headset,1,93.61,0.05,88.93,38.0,50.93,Online,Credit Card,5
ORD-01192,2026-04-02,C1033,Small Business,West,Calgary,Electronics,Monitor,1,252.63,0.1,227.37,145.0,82.37,Partner,PayPal,5
ORD-01193,2026-04-07,C1116,Consumer,Central,Winnipeg,Electronics,Webcam,2,122.93,0.05,233.57,110.0,123.57,Online,Credit Card,4
ORD-01194,2025-12-28,C1231,Small Business,Central,Ottawa,Electronics,Webcam,2,124.41,0.05,236.38,110.0,126.38,Partner,Debit Card,4
ORD-01195,2026-01-30,C1222,Consumer,Central,Toronto,Accessories,Keyboard,4,69.05,0,276.2,112.0,164.2,Partner,Debit Card,4
ORD-01196,2025-07-08,C1155,Consumer,West,Vancouver,Electronics,Laptop,2,890.29,0,1780.58,1240.0,540.58,Online,Debit Card,5
ORD-01197,2025-07-14,C1054,Corporate,Central,Winnipeg,Electronics,Webcam,2,114.71,0.2,183.54,110.0,73.54,Online,PayPal,4
ORD-01198,2026-05-04,C1157,Corporate,East,Quebec City,accessories,Keyboard,1,66.58,0.05,63.25,28.0,35.25,Retail Store,PayPal,4
ORD-01199,2025-11-15,C1442,Small Business,East,Halifax,Furniture,Standing Desk,5,543.02,0,2715.1,1650.0,1065.1,Retail Store,PayPal,4
ORD-01200,2026-04-30,C1160,Consumer,West,Vancouver,Electronics,Webcam,2,124.91,0.1,224.84,110.0,114.84,Partner,PayPal,
ORD-01201,2025-12-15,C1303,Corporate,East,Quebec City,Accessories,Mouse,8,41.64,0.05,316.46,112.0,204.46,Retail Store,Debit Card,4
ORD-01202,2026-05-16,C1270,Corporate,East,Quebec City,Electronics,Laptop,1,883.94,0,883.94,620.0,263.94,Online,Bank Transfer,
ORD-01203,2025-09-30,C1030,Small Business,West,Victoria,Furniture,Standing Desk,4,569.12,0,2276.48,1320.0,956.48,Online,Debit Card,
ORD-01204,2025-08-17,C1248,Small Business,East, Montreal,Furniture,Office Chair,2,345.06,0.1,621.11,370.0,251.11,Retail Store,Debit Card,5
ORD-01205,2025-07-12,C1127,Consumer,East,Halifax,Electronics,Monitor,1,250.09,0.05,237.59,145.0,92.59,Partner,Bank Transfer,5
ORD-01206,2025-01-12,C1238,Consumer,Central,Ottawa,Accessories,Mouse,1,38.31,0.1,34.48,14.0,20.48,Retail Store,Bank Transfer,4
ORD-01207,2026-01-27,C1310,Consumer,East,Montreal,Electronics,Printer,2,193.95,0.05,368.5,224.0,144.5,Partner,PayPal,
ORD-01208,2025-06-16,C1161,Consumer,East,Montreal,Furniture,Office Chair,8,325.66,0.05,2475.02,1480.0,995.02,Partner,Credit Card,5
ORD-01209,2026-03-21,C1387,Small Business,East,Quebec City,Furniture,Standing Desk,1,540.31,0.1,486.28,330.0,156.28,Retail Store,Credit Card,3
ORD-01210,2025-05-16,C1184,Consumer,Central,Toronto,Electronics,Monitor,1,239.79,0.1,215.81,145.0,70.81,Online,PayPal,5
ORD-01211,2025-03-25,C1079,Consumer,Central,Ottawa,Electronics,Monitor,2,247.39,0.1,445.3,290.0,155.3,Retail Store,Debit Card,4
ORD-01212,2026-04-05,C1357,Consumer,West,Vancouver,Accessories,Headset,1,91.28,0,91.28,38.0,53.28,Retail Store,Bank Transfer,4
ORD-01213,2025-02-13,C1324,Corporate,West,Vancouver,Accessories,Mouse,8,39.54,0,316.32,112.0,204.32,Online,Credit Card,5
ORD-01214,2026-06-07,C1106,Small Business,Central,Ottawa,Electronics,Laptop,3,908.06,0,2724.18,1860.0,864.18,Retail Store,Bank Transfer,4
ORD-01215,2025-01-08,C1274,Consumer,Central,Winnipeg,Electronics,Monitor,2,242.81,0,485.62,290.0,195.62,Partner,PayPal,3
ORD-01216,2025-09-30,C1133,Corporate,East,Quebec City,Accessories,USB-C Hub,2,77.56,0,155.12,62.0,93.12,Retail Store,Credit Card,5
ORD-01217,2025-10-20,C1021,Small Business,Central,Toronto,Electronics,Webcam,3,116.21,0.05,331.2,165.0,166.2,Retail Store,Credit Card,5
ORD-01218,2025-07-30,C1027,Small Business,West,Calgary,Accessories,Headset,5,88.74,0.1,399.33,190.0,209.33,Partner,PayPal,4
ORD-01219,2025-08-11,C1198,Corporate,East,Montreal,Accessories,Headset,1,94.01,0,94.01,38.0,56.01,Partner,Bank Transfer,5
ORD-01220,2026-02-05,C1039,Small Business,East,Montreal,electronics,Webcam,2,125.24,0.1,225.43,110.0,115.43,Retail Store,Credit Card,4
ORD-01221,2025-02-01,C1081,Corporate,East,Montreal,Electronics,Laptop,8,906.12,0,7248.96,4960.0,2288.96,Online,Credit Card,4
ORD-01222,2026-01-12,C1152,Small Business,West,Calgary,Accessories,Mouse,10,40.6,0,406.0,140.0,266.0,Online,Credit Card,3
ORD-01223,2025-11-06,C1349,Corporate,West,Victoria,Electronics,Webcam,10,125.02,0,1250.2,550.0,700.2,Retail Store,Bank Transfer,3
ORD-01224,2025-06-28,C1011,Consumer,West,Vancouver,Electronics,Monitor,3,244.32,0.1,659.66,435.0,224.66,Partner,Credit Card,
ORD-01225,2025-06-06,C1006,Consumer,West,Vancouver,Furniture,Standing Desk,3,545.17,0.15,1390.18,990.0,400.18,Online,Credit Card,3
ORD-01226,2025-10-15,C1353,Consumer,East,Quebec City,Electronics,Webcam,1,116.25,0.2,93.0,55.0,38.0,Retail Store,Credit Card,
ORD-01227,2025-02-15,C1186,Consumer,East,Quebec City,Accessories,USB-C Hub,8,76.37,0.15,519.32,248.0,271.32,Online,PayPal,4
ORD-01228,2026-04-13,C1327,Corporate,Central,Winnipeg,Accessories,Keyboard,2,68.74,0.05,130.61,56.0,74.61,Retail Store,Bank Transfer,5
ORD-01229,2025-06-28,C1253,Consumer,East,Quebec City,Furniture,Office Chair,2,338.29,0.1,608.92,370.0,238.92,Online,PayPal,5
ORD-01230,2026-03-19,C1441,Consumer,West,Calgary,Accessories,Headset,5,92.27,0.05,438.28,190.0,248.28,Online,Credit Card,4
ORD-01231,2025-12-18,C1417,Consumer,East,Halifax,Accessories,Keyboard,2,72.08,0,144.16,56.0,88.16,Retail Store,Bank Transfer,4
ORD-01232,2025-03-25,C1084,Consumer,Central,Toronto,Accessories,USB-C Hub,2,80.39,0,160.78,62.0,98.78,Retail Store,PayPal,4
ORD-01233,2026-05-16,C1383,Consumer,West,Victoria,Furniture,Office Chair,2,332.53,0,665.06,370.0,295.06,Retail Store,Credit Card,5
ORD-01234,2025-08-20,C1258,Small Business,East,Halifax,Electronics,Webcam,1,124.71,0.1,112.24,55.0,57.24,Retail Store,Bank Transfer,4
ORD-01235,2025-05-28,C1417,Consumer,West,Calgary,Accessories,Headset,1,86.36,0.05,82.04,38.0,44.04,Retail Store,Credit Card,4
ORD-01236,2025-01-17,C1060,Corporate,West,Victoria,Electronics,Monitor,1,248.81,0,248.81,145.0,103.81,Retail Store,PayPal,5
ORD-01237,2026-02-17,C1244,Consumer,West,Calgary,Electronics,Printer,1,201.78,0.05,191.69,112.0,79.69,Online,Bank Transfer,3
ORD-01238,2025-02-02,C1050,Small Business,Central,Ottawa,Furniture,Office Chair,1,331.28,0,331.28,185.0,146.28,Partner,PayPal,5
ORD-01239,2026-05-18,C1125,Small Business,West,Victoria,Electronics,Laptop,8,863.27,0,6906.16,4960.0,1946.16,Online,Bank Transfer,4
ORD-01240,2026-01-24,C1231,Consumer,East,Quebec City,Accessories,Mouse,3,40.81,0.05,116.31,42.0,74.31,Online,Bank Transfer,4
ORD-01241,2025-04-08,C1092,Small Business,West,Calgary,Accessories,Keyboard,2,66.97,0.05,127.24,56.0,71.24,Online,PayPal,
ORD-01242,2026-02-02,C1437,Consumer,East,Halifax,Electronics,Laptop,1,895.65,0,895.65,620.0,275.65,Retail Store,Credit Card,4
ORD-01243,2025-10-25,C1002,Consumer,East,Quebec City,Furniture,Standing Desk,1,549.23,0,549.23,330.0,219.23,Retail Store,Debit Card,5
ORD-01244,2026-01-21,C1413,Corporate,West,Victoria,Accessories,Keyboard,1,71.49,0.05,67.92,28.0,39.92,Retail Store,Credit Card,4
ORD-01245,2025-06-18,C1268,Consumer,West,Vancouver,Electronics,Printer,2,190.4,0.1,342.72,224.0,118.72,Online,Credit Card,5
ORD-01246,2026-03-05,C1340,Small Business,Central,Toronto,Accessories,Headset,2,93.39,0,186.78,76.0,110.78,Online,Bank Transfer,5
ORD-01247,2026-02-15,C1279,Consumer,East,Montreal,Accessories,Keyboard,1,69.61,0.1,62.65,28.0,34.65,Retail Store,PayPal,5
ORD-01248,2026-05-05,C1382,Consumer,West,Calgary,Accessories,Keyboard,2,68.59,0,137.18,56.0,81.18,Online,Credit Card,5
ORD-01249,2026-01-16,C1070,Small Business,West,Calgary,Electronics,Laptop,1,934.22,0,934.22,620.0,314.22,Retail Store,Debit Card,5
ORD-01250,2026-05-07,C1439,Consumer,West,Vancouver,Electronics,Webcam,2,121.51,0.05,230.87,110.0,120.87,Online,Debit Card,4
ORD-01251,2025-05-11,C1211,Corporate,East,Montreal,Electronics,Monitor,2,253.16,0,506.32,290.0,216.32,Online,Debit Card,5
ORD-01252,2025-09-26,C1191,Consumer,Central,Toronto,Furniture,Standing Desk,1,562.45,0,562.45,330.0,232.45,Online,Bank Transfer,5
ORD-01253,2025-08-19,C1080,Small Business,East,Montreal,Electronics,Webcam,3,123.05,0.1,332.24,165.0,167.24,Partner,PayPal,4
ORD-01254,2026-05-25,C1328,Consumer,West,Victoria,Electronics,Printer,1,192.9,0.15,163.97,112.0,51.97,Online,PayPal,3
ORD-01255,2025-10-12,C1157,Corporate,Central,Ottawa,Electronics,Webcam,3,121.25,0.15,309.19,165.0,144.19,Online,Bank Transfer,
ORD-01256,2026-01-31,C1046,Small Business,East,Halifax,Accessories,USB-C Hub,6,79.74,0.05,454.52,186.0,268.52,Retail Store,PayPal,
ORD-01257,2026-06-30,C1160,Consumer,East,Halifax,Electronics,Monitor,1,250.33,0,250.33,145.0,105.33,Online,Debit Card,5
ORD-01258,2025-07-15,C1337,Consumer,Central,Ottawa,Accessories,Mouse,4,39.69,0,158.76,56.0,102.76,Online,Debit Card,4
ORD-01259,2025-10-30,C1060,Small Business,West,Calgary,Furniture,Office Chair,3,330.65,0.05,942.35,555.0,387.35,Online,Debit Card,5
ORD-01260,2025-07-30,C1138,Small Business,East,Halifax,furniture,Office Chair,1,329.47,0,329.47,185.0,144.47,Online,PayPal,
ORD-01261,2025-05-30,C1096,Corporate,Central,Winnipeg,Electronics,Monitor,1,237.57,0.2,190.06,145.0,45.06,Retail Store,Bank Transfer,5
ORD-01262,2026-04-11,C1250,Consumer,East,Halifax,Accessories,Headset,2,91.14,0.2,145.82,76.0,69.82,Online,Bank Transfer,4
ORD-01263,2026-03-24,C1035,Consumer,Central,Ottawa,Electronics,Monitor,1,238.52,0.2,190.82,145.0,45.82,Retail Store,Credit Card,5
ORD-01264,2025-10-02,C1319,Corporate,West,Vancouver,Furniture,Standing Desk,1,541.06,0,541.06,330.0,211.06,Retail Store,PayPal,5
ORD-01265,2026-03-17,C1077,Small Business,West,Vancouver,Accessories,Mouse,3,41.35,0.05,117.85,42.0,75.85,Online,PayPal,3
ORD-01266,2025-08-14,C1138,Consumer,West,Victoria,Accessories,Mouse,2,40.45,0.05,76.86,28.0,48.86,Online,Credit Card,
ORD-01267,2025-04-08,C1001,Small Business,West,Victoria,Accessories,Mouse,1,39.11,0.15,33.24,14.0,19.24,Partner,PayPal,4
ORD-01268,2026-03-22,C1076,Consumer,East,Halifax,Furniture,Standing Desk,2,546.92,0.05,1039.15,660.0,379.15,Retail Store,Bank Transfer,5
ORD-01269,2025-01-24,C1255,Consumer,East,Quebec City,Accessories,Mouse,5,39.28,0.05,186.58,70.0,116.58,Retail Store,Bank Transfer,5
ORD-01270,2025-07-30,C1160,Small Business,Central,Toronto,Electronics,Monitor,3,242.67,0.1,655.21,435.0,220.21,Online,Bank Transfer,5
ORD-01271,2025-10-08,C1288,Consumer,West,Calgary,Accessories,Headset,6,91.67,0.2,440.02,228.0,212.02,Partner,Credit Card,4
ORD-01272,2026-04-09,C1217,Consumer,East,Montreal,Furniture,Standing Desk,2,546.98,0.05,1039.26,660.0,379.26,Online,Bank Transfer,4
ORD-01273,2025-09-19,C1330,Corporate,Central,Toronto,Accessories,Headset,2,93.17,0,186.34,76.0,110.34,Online,Credit Card,4
ORD-01274,2026-01-26,C1040,Corporate,Central,Toronto,Accessories,Mouse,1,38.19,0.1,34.37,14.0,20.37,Online,Bank Transfer,5
ORD-01275,2025-06-02,C1118,Corporate,Central,Toronto,Furniture,Standing Desk,1,551.12,0,551.12,330.0,221.12,Online,Credit Card,4
ORD-01276,2025-06-30,C1364,Corporate,Central,Winnipeg,Electronics,Webcam,8,116.33,0.1,837.58,440.0,397.58,Online,Credit Card,4
ORD-01277,2025-04-14,C1095,Consumer,Central,Toronto,Accessories,USB-C Hub,1,77.21,0.1,69.49,31.0,38.49,Retail Store,Credit Card,4
ORD-01278,2025-11-30,C1079,Consumer,West,Victoria,Accessories,USB-C Hub,5,77.33,0,386.65,155.0,231.65,Partner,Debit Card,4
ORD-01279,2026-01-12,C1386,Consumer,East,Quebec City,Electronics,Webcam,1,121.67,0,121.67,55.0,66.67,Online,Credit Card,3
ORD-01280,2026-01-22,C1206,Small Business,West,Vancouver,Accessories,Headset,2,90.36,0,180.72,76.0,104.72,Retail Store,PayPal,
ORD-01281,2026-02-19,C1188,Corporate,Central,Winnipeg,Furniture,Standing Desk,1,526.53,0,526.53,330.0,196.53,Online,Credit Card,5
ORD-01282,2026-02-27,C1326,Consumer,Central, Ottawa,Accessories,Headset,2,89.41,0,178.82,76.0,102.82,Online,Bank Transfer,4
ORD-01283,2025-05-24,C1238,Consumer,East,Quebec City,Furniture,Standing Desk,1,549.26,0.05,521.8,330.0,191.8,Online,PayPal,
ORD-01284,2025-07-29,C1191,Consumer,Central,Toronto,Furniture,Standing Desk,8,528.06,0.1,3802.03,2640.0,1162.03,Online,PayPal,3
ORD-01285,2026-04-22,C1444,Consumer,Central,Winnipeg,Furniture,Standing Desk,1,524.72,0.05,498.48,330.0,168.48,Retail Store,Credit Card,
ORD-01286,2025-12-27,C1030,Consumer,Central,Toronto,Accessories,Headset,7,91.89,0,643.23,266.0,377.23,Partner,Debit Card,3
ORD-01287,2026-06-18,C1026,Small Business,Central,Toronto,Electronics,Webcam,2,117.41,0.1,211.34,110.0,101.34,Online,Bank Transfer,4
ORD-01288,2026-05-15,C1078,Consumer,Central,Winnipeg,Electronics,Laptop,3,944.87,0.05,2692.88,1860.0,832.88,Retail Store,PayPal,5
ORD-01289,2026-03-27,C1112,Small Business,East,Halifax,Accessories,Headset,1,87.97,0.05,83.57,38.0,45.57,Online,Credit Card,3
ORD-01290,2025-11-07,C1130,Consumer,West,Vancouver,Accessories,Mouse,4,39.7,0.15,134.98,56.0,78.98,Retail Store,Credit Card,4
ORD-01291,2025-03-09,C1344,Small Business,West,Vancouver,Accessories,Headset,3,86.98,0.15,221.8,114.0,107.8,Online,Credit Card,
ORD-01292,2025-03-23,C1285,Corporate,East,Quebec City,Furniture,Office Chair,3,322.01,0.2,772.82,555.0,217.82,Partner,PayPal,5
ORD-01293,2026-06-24,C1011,Consumer,West,Calgary,Electronics,Printer,2,194.51,0.15,330.67,224.0,106.67,Retail Store,Bank Transfer,5
ORD-01294,2025-10-06,C1441,Small Business,Central,Winnipeg,Accessories,Headset,2,88.19,0.2,141.1,76.0,65.1,Online,Credit Card,5
ORD-01295,2025-06-01,C1258,Consumer,East,Montreal,Accessories,Mouse,5,40.78,0.15,173.31,70.0,103.31,Partner,Bank Transfer,5
ORD-01296,2026-02-14,C1396,Consumer,Central,Winnipeg,Furniture,Office Chair,1,335.36,0.2,268.29,185.0,83.29,Retail Store,Credit Card,5
ORD-01297,2026-03-23,C1249,Corporate,Central,Ottawa,Accessories,Keyboard,2,68.65,0,137.3,56.0,81.3,Online,Bank Transfer,
ORD-01298,2025-08-08,C1192,Small Business,Central,Ottawa,Accessories,Mouse,1,39.3,0,39.3,14.0,25.3,Online,Credit Card,4
ORD-01299,2025-03-26,C1357,Consumer,West,Calgary,Electronics,Laptop,1,926.41,0.15,787.45,620.0,167.45,Partner,Credit Card,4
ORD-01300,2025-01-03,C1182,Corporate,Central,Toronto,Electronics,Laptop,1,929.4,0.1,836.46,620.0,216.46,Online,Credit Card,4
ORD-01301,2025-06-19,C1098,Small Business,Central,Ottawa,Electronics,Monitor,1,258.03,0.05,245.13,145.0,100.13,Partner,Bank Transfer,4
ORD-01302,2026-05-18,C1236,Corporate,West,Victoria,Electronics,Printer,1,192.76,0.05,183.12,112.0,71.12,Online,Debit Card,5
ORD-01303,2026-06-12,C1242,Consumer,West,Victoria,Electronics,Printer,1,193.25,0,193.25,112.0,81.25,Online,PayPal,
ORD-01304,2026-06-06,C1107,Corporate,Central,Ottawa,Furniture,Standing Desk,2,559.13,0.15,950.52,660.0,290.52,Retail Store,Bank Transfer,4
ORD-01305,2025-06-02,C1076,Small Business,East,Montreal,Electronics,Laptop,1,895.39,0,895.39,620.0,275.39,Online,PayPal,4
ORD-01306,2025-12-07,C1282,Consumer,East,Quebec City,Electronics,Printer,3,203.36,0.15,518.57,336.0,182.57,Online,Debit Card,5
ORD-01307,2026-04-30,C1129,Consumer,East,Montreal,Furniture,Office Chair,1,341.64,0,341.64,185.0,156.64,Online,Debit Card,5
ORD-01308,2026-05-25,C1362,Corporate,Central,Winnipeg,Furniture,Standing Desk,4,563.48,0.1,2028.53,1320.0,708.53,Online,PayPal,5
ORD-01309,2025-07-08,C1122,Consumer,West,Vancouver,Accessories,Headset,2,93.45,0,186.9,76.0,110.9,Partner,PayPal,
ORD-01310,2025-07-27,C1172,Consumer,East,Montreal,Furniture,Standing Desk,1,556.31,0,556.31,330.0,226.31,Online,Credit Card,3
ORD-01311,2026-05-10,C1200,Small Business,East,Montreal,Accessories,Mouse,1,39.08,0.1,35.17,14.0,21.17,Partner,Bank Transfer,4
ORD-01312,2025-02-10,C1208,Consumer,Central,Winnipeg,Electronics,Printer,2,196.64,0,393.28,224.0,169.28,Retail Store,Bank Transfer,4
ORD-01313,2026-03-04,C1333,Consumer,Central,Winnipeg,Electronics,Printer,1,196.0,0.05,186.2,112.0,74.2,Retail Store,Debit Card,3
ORD-01314,2025-09-18,C1220,Consumer,Central,Ottawa,Electronics,Laptop,2,890.72,0.05,1692.37,1240.0,452.37,Partner,Credit Card,3
ORD-01315,2025-10-08,C1393,Corporate,East,Halifax,Furniture,Standing Desk,1,565.83,0.1,509.25,330.0,179.25,Retail Store,Bank Transfer,3
ORD-01316,2025-08-07,C1168,Consumer,East,Halifax,Accessories,USB-C Hub,1,80.48,0.2,64.38,31.0,33.38,Online,Debit Card,4
ORD-01317,2025-01-15,C1374,Consumer,East,Quebec City,Electronics,Monitor,1,260.77,0,260.77,145.0,115.77,Online,Debit Card,5
ORD-01318,2025-10-27,C1147,Consumer,East,Quebec City,Furniture,Standing Desk,1,564.57,0,564.57,330.0,234.57,Retail Store,Credit Card,5
ORD-01319,2025-03-20,C1091,Consumer,West,Vancouver,Electronics,Laptop,8,879.29,0.1,6330.89,4960.0,1370.89,Retail Store,Bank Transfer,4
ORD-01320,2025-12-12,C1180,Consumer,West,Calgary,Accessories,USB-C Hub,2,76.66,0,153.32,62.0,91.32,Retail Store,Bank Transfer,4
ORD-01321,2025-07-13,C1083,Small Business,East,Quebec City,Electronics,Laptop,6,944.28,0.1,5099.11,3720.0,1379.11,Partner,PayPal,4
ORD-01322,2025-06-14,C1199,Corporate,East,Halifax,Accessories,USB-C Hub,1,78.71,0,78.71,31.0,47.71,Retail Store,Credit Card,5
ORD-01323,2026-06-09,C1381,Small Business,Central,Toronto,Accessories,Keyboard,1,66.96,0.1,60.26,28.0,32.26,Retail Store,Bank Transfer,4
ORD-01324,2026-04-14,C1340,Consumer,Central,Ottawa,Furniture,Office Chair,1,325.22,0,325.22,185.0,140.22,Online,PayPal,5
ORD-01325,2026-03-02,C1059,Consumer,East,Montreal,Furniture,Office Chair,5,332.02,0.05,1577.09,925.0,652.09,Retail Store,Bank Transfer,4
ORD-01326,2026-05-22,C1274,Corporate,East,Halifax,Furniture,Office Chair,1,321.61,0.1,289.45,185.0,104.45,Retail Store,PayPal,5
ORD-01327,2025-02-09,C1143,Corporate,West,Vancouver,Accessories,Headset,3,94.48,0.1,255.1,114.0,141.1,Retail Store,Bank Transfer,5
ORD-01328,2025-03-18,C1094,Small Business,East,Quebec City,Electronics,Monitor,2,244.62,0,489.24,290.0,199.24,Online,Debit Card,4
ORD-01329,2026-06-22,C1093,Consumer,East,Halifax,Electronics,Monitor,2,259.7,0,519.4,290.0,229.4,Online,Credit Card,4
ORD-01330,2025-08-26,C1281,Small Business,West,Victoria,Accessories,Headset,5,92.79,0.15,394.36,190.0,204.36,Retail Store,PayPal,5
ORD-01331,2025-04-13,C1035,Consumer,Central,Toronto,Accessories,Headset,6,85.96,0,515.76,228.0,287.76,Retail Store,Credit Card,4
ORD-01332,2025-04-20,C1406,Consumer,Central,Toronto,Electronics,Webcam,4,125.27,0,501.08,220.0,281.08,Online,Credit Card,4
ORD-01333,2025-12-09,C1086,Consumer,West,Vancouver,Electronics,Printer,3,204.56,0.05,583.0,336.0,247.0,Retail Store,Bank Transfer,4
ORD-01334,2025-01-06,C1220,Small Business,East,Halifax,Accessories,Headset,2,87.63,0.05,166.5,76.0,90.5,Retail Store,Bank Transfer,4
ORD-01335,2025-07-17,C1315,Corporate,East,Quebec City,Furniture,Office Chair,1,322.38,0.05,306.26,185.0,121.26,Online,Bank Transfer,4
ORD-01336,2025-09-19,C1295,Consumer,East,Halifax,Electronics,Webcam,1,122.29,0.1,110.06,55.0,55.06,Retail Store,Credit Card,4
ORD-01337,2025-09-12,C1111,Consumer,West,Calgary,Electronics,Laptop,1,890.51,0,890.51,620.0,270.51,Online,Credit Card,5
ORD-01338,2025-01-03,C1370,Consumer,East,Montreal,Electronics,Monitor,4,241.1,0,964.4,580.0,384.4,Online,PayPal,4
ORD-01339,2025-11-29,C1096,Consumer,Central,Ottawa,Accessories,USB-C Hub,4,77.64,0.1,279.5,124.0,155.5,Online,Bank Transfer,4
ORD-01340,2026-05-16,C1383,Consumer,Central,Ottawa,Electronics,Laptop,1,930.02,0.1,837.02,620.0,217.02,Online,PayPal,
ORD-01341,2025-07-28,C1271,Consumer,Central,Toronto,Accessories,Headset,1,92.56,0,92.56,38.0,54.56,Online,Bank Transfer,4
ORD-01342,2025-12-23,C1245,Small Business,Central,Winnipeg,Accessories,Mouse,2,39.55,0.05,75.14,28.0,47.14,Online,Bank Transfer,4
ORD-01343,2025-05-17,C1137,Corporate,West,Vancouver,Electronics,Webcam,2,115.73,0.1,208.31,110.0,98.31,Retail Store,PayPal,5
ORD-01344,2025-04-12,C1123,Small Business,Central,Winnipeg,Accessories,USB-C Hub,4,83.07,0.05,315.67,124.0,191.67,Online,PayPal,5
ORD-01345,2025-09-08,C1001,Corporate,East,Halifax,Electronics,Printer,2,209.54,0.1,377.17,224.0,153.17,Partner,Credit Card,4
ORD-01346,2025-12-02,C1128,Consumer,East,Halifax,Furniture,Standing Desk,3,539.34,0,1618.02,990.0,628.02,Online,Debit Card,5
ORD-01347,2026-02-16,C1023,Consumer,East,Halifax,Electronics,Printer,2,194.89,0,389.78,224.0,165.78,Online,PayPal,5
ORD-01348,2026-04-28,C1070,Consumer,West,Calgary,Furniture,Office Chair,2,316.9,0.1,570.42,370.0,200.42,Retail Store,Bank Transfer,4
ORD-01349,2025-02-14,C1367,Small Business,West,Victoria,Furniture,Standing Desk,2,552.66,0.2,884.26,660.0,224.26,Online,Debit Card,4
ORD-01350,2025-08-08,C1301,Consumer,West,Victoria,Electronics,Monitor,1,244.5,0,244.5,145.0,99.5,Retail Store,Debit Card,
ORD-01351,2025-04-06,C1389,Corporate,Central,Toronto,Electronics,Printer,1,202.57,0.05,192.44,112.0,80.44,Retail Store,Credit Card,4
ORD-01352,2026-05-03,C1110,Small Business,East,Quebec City,Accessories,USB-C Hub,1,79.91,0.15,67.92,31.0,36.92,Retail Store,PayPal,5
ORD-01353,2025-04-13,C1385,Small Business,West,Calgary,Electronics,Printer,1,208.68,0.1,187.81,112.0,75.81,Online,Debit Card,
ORD-01354,2025-01-28,C1375,Consumer,East,Montreal,Electronics,Printer,1,204.74,0,204.74,112.0,92.74,Online,Debit Card,4
ORD-01355,2025-08-03,C1370,Small Business,West, Vancouver,Accessories,Headset,2,86.55,0,173.1,76.0,97.1,Online,PayPal,4
ORD-01356,2025-11-03,C1272,Corporate,East,Quebec City,Accessories,Keyboard,3,67.69,0,203.07,84.0,119.07,Online,Bank Transfer,4
ORD-01357,2025-04-22,C1365,Consumer,West,Vancouver,Accessories,Mouse,1,38.66,0.1,34.79,14.0,20.79,Online,Bank Transfer,5
ORD-01358,2025-06-11,C1161,Consumer,East,Halifax,Electronics,Printer,1,198.89,0.15,169.06,112.0,57.06,Online,Debit Card,5
ORD-01359,2025-01-21,C1355,Consumer,West,Victoria,Accessories,Headset,2,86.53,0.15,147.1,76.0,71.1,Partner,Credit Card,4
ORD-01360,2025-08-24,C1377,Consumer,East,Halifax,Accessories,USB-C Hub,8,80.64,0.15,548.35,248.0,300.35,Online,Credit Card,4
ORD-01361,2026-06-15,C1037,Consumer,West,Calgary,Accessories,Mouse,4,40.16,0.15,136.54,56.0,80.54,Online,Credit Card,4
ORD-01362,2025-12-14,C1071,Consumer,East,Halifax,Electronics,Monitor,1,248.18,0,248.18,145.0,103.18,Online,Credit Card,4
ORD-01363,2026-06-15,C1084,Small Business,West,Calgary,Electronics,Webcam,1,117.85,0.1,106.06,55.0,51.06,Retail Store,PayPal,5
ORD-01364,2025-01-31,C1084,Small Business,West,Vancouver,Electronics,Laptop,4,862.52,0.1,3105.07,2480.0,625.07,Partner,Credit Card,4
ORD-01365,2025-07-14,C1309,Consumer,Central,Toronto,Electronics,Webcam,4,122.97,0.1,442.69,220.0,222.69,Online,Debit Card,3
ORD-01366,2025-12-28,C1416,Consumer,Central,Ottawa,Electronics,Monitor,6,241.47,0,1448.82,870.0,578.82,Online,Bank Transfer,4
ORD-01367,2025-10-22,C1194,Corporate,Central,Winnipeg,Electronics,Monitor,1,238.55,0.1,214.7,145.0,69.7,Online,Credit Card,
ORD-01368,2026-06-04,C1325,Consumer,Central,Ottawa,Electronics,Laptop,1,889.0,0.15,755.65,620.0,135.65,Retail Store,Credit Card,5
ORD-01369,2026-01-06,C1137,Consumer,East,Halifax,Accessories,Headset,2,86.83,0,173.66,76.0,97.66,Retail Store,PayPal,4
ORD-01370,2026-01-14,C1020,Consumer,East,Montreal,Furniture,Office Chair,1,331.72,0.1,298.55,185.0,113.55,Retail Store,Credit Card,
ORD-01371,2026-02-21,C1395,Small Business,West,Vancouver,Furniture,Standing Desk,3,577.42,0,1732.26,990.0,742.26,Online,Debit Card,4
ORD-01372,2025-03-08,C1270,Corporate,West,Victoria,Electronics,Laptop,6,935.11,0.05,5330.13,3720.0,1610.13,Online,PayPal,3
ORD-01373,2025-09-22,C1391,Consumer,East,Montreal,Accessories,USB-C Hub,8,79.01,0.05,600.48,248.0,352.48,Partner,Credit Card,4
ORD-01374,2026-02-14,C1267,Consumer,Central,Toronto,Accessories,Keyboard,3,71.57,0.1,193.24,84.0,109.24,Online,Bank Transfer,5
ORD-01375,2025-11-01,C1109,Small Business,West,Vancouver,Accessories,Mouse,6,41.37,0.1,223.4,84.0,139.4,Online,PayPal,4
ORD-01376,2025-09-15,C1384,Consumer,West,Victoria,Electronics,Laptop,4,886.91,0,3547.64,2480.0,1067.64,Partner,PayPal,5
ORD-01377,2025-02-13,C1443,Consumer,West,Victoria,Accessories,Mouse,3,38.76,0,116.28,42.0,74.28,Retail Store,Credit Card,3
ORD-01378,2026-04-27,C1011,Corporate,Central,Ottawa,Furniture,Standing Desk,4,551.66,0.2,1765.31,1320.0,445.31,Retail Store,Credit Card,4
ORD-01379,2026-01-13,C1312,Corporate,West,Calgary,Accessories,USB-C Hub,2,77.06,0.1,138.71,62.0,76.71,Online,PayPal,3
ORD-01380,2025-02-08,C1421,Consumer,Central,Winnipeg,Electronics,Laptop,10,942.27,0,9422.7,6200.0,3222.7,Online,Debit Card,5
ORD-01381,2026-06-23,C1046,Consumer,Central,Winnipeg,Furniture,Office Chair,5,340.09,0.1,1530.4,925.0,605.4,Retail Store,Bank Transfer,4
ORD-01382,2026-06-23,C1101,Small Business,Central,Winnipeg,Electronics,Monitor,2,253.26,0.05,481.19,290.0,191.19,Online,Debit Card,
ORD-01383,2025-05-18,C1042,Consumer,Central,Winnipeg,Furniture,Office Chair,10,316.03,0,3160.3,1850.0,1310.3,Online,PayPal,
ORD-01384,2026-02-03,C1094,Small Business,West,Victoria,Accessories,USB-C Hub,5,76.06,0.05,361.28,155.0,206.28,Retail Store,Credit Card,4
ORD-01385,2025-01-31,C1125,Consumer,East,Montreal,Furniture,Office Chair,4,343.99,0.05,1307.16,740.0,567.16,Online,PayPal,5
ORD-01386,2026-04-29,C1212,Consumer,East,Halifax,Electronics,Webcam,1,122.69,0,122.69,55.0,67.69,Partner,Debit Card,3
ORD-01387,2026-02-06,C1269,Consumer,Central,Winnipeg,Furniture,Office Chair,1,317.56,0,317.56,185.0,132.56,Online,Credit Card,5
ORD-01388,2025-10-27,C1099,Consumer,West,Vancouver,Furniture,Standing Desk,2,577.32,0,1154.64,660.0,494.64,Online,Debit Card,4
ORD-01389,2025-08-09,C1130,Consumer,East,Halifax,Accessories,USB-C Hub,1,76.6,0,76.6,31.0,45.6,Online,PayPal,3
ORD-01390,2025-05-14,C1121,Consumer,East,Halifax,Furniture,Standing Desk,8,566.05,0,4528.4,2640.0,1888.4,Online,Bank Transfer,
ORD-01391,2026-03-15,C1021,Consumer,Central,Winnipeg,Electronics,Laptop,2,931.18,0.05,1769.24,1240.0,529.24,Retail Store,Credit Card,4
ORD-01392,2026-06-17,C1350,Small Business,West,Victoria,Furniture,Standing Desk,2,543.74,0.1,978.73,660.0,318.73,Retail Store,Credit Card,
ORD-01393,2025-11-25,C1260,Small Business,East,Montreal,Electronics,Monitor,9,238.79,0,2149.11,1305.0,844.11,Online,Bank Transfer,4
ORD-01394,2025-04-22,C1425,Small Business,Central,Winnipeg,Electronics,Webcam,2,125.8,0.1,226.44,110.0,116.44,Partner,PayPal,5
ORD-01395,2025-02-11,C1152,Consumer,West,Vancouver,Accessories,Headset,6,87.24,0.05,497.27,228.0,269.27,Retail Store,Bank Transfer,4
ORD-01396,2026-06-26,C1189,Small Business,West,Victoria,Electronics,Laptop,1,864.21,0,864.21,620.0,244.21,Retail Store,Credit Card,
ORD-01397,2025-02-18,C1365,Consumer,East,Quebec City,Electronics,Printer,2,208.69,0.05,396.51,224.0,172.51,Online,PayPal,
ORD-01398,2025-06-19,C1399,Small Business,Central,Winnipeg,Electronics,Printer,3,197.51,0.05,562.9,336.0,226.9,Retail Store,Bank Transfer,5
ORD-01399,2025-04-02,C1169,Consumer,East,Quebec City,Accessories,Keyboard,2,68.23,0.2,109.17,56.0,53.17,Online,PayPal,4
ORD-01400,2025-01-22,C1094,Corporate,East,Quebec City,Electronics,Printer,3,193.8,0,581.4,336.0,245.4,Online,PayPal,4
ORD-01401,2025-05-25,C1242,Corporate,Central,Ottawa,Electronics,Printer,2,209.79,0.1,377.62,224.0,153.62,Online,Bank Transfer,4
ORD-01402,2025-05-01,C1116,Consumer,Central,Ottawa,electronics,Laptop,3,944.51,0.05,2691.85,1860.0,831.85,Online,PayPal,4
ORD-01403,2026-01-06,C1423,Corporate,East,Montreal,Accessories,USB-C Hub,1,83.84,0.15,71.26,31.0,40.26,Retail Store,PayPal,3
ORD-01404,2026-02-22,C1401,Small Business,East,Montreal,Accessories,Keyboard,6,72.12,0,432.72,168.0,264.72,Online,Bank Transfer,4
ORD-01405,2026-01-03,C1208,Consumer,East,Halifax,Accessories,Keyboard,2,69.14,0,138.28,56.0,82.28,Retail Store,Debit Card,4
ORD-01406,2025-01-16,C1160,Corporate,East,Quebec City,Furniture,Standing Desk,1,566.89,0.1,510.2,330.0,180.2,Partner,Credit Card,5
ORD-01407,2025-09-15,C1320,Consumer,West,Victoria,Furniture,Standing Desk,2,550.49,0,1100.98,660.0,440.98,Retail Store,Credit Card,3
ORD-01408,2025-06-18,C1032,Corporate,Central,Toronto,Electronics,Laptop,1,934.66,0,934.66,620.0,314.66,Online,Credit Card,3
ORD-01409,2026-02-01,C1013,Consumer,East,Montreal,Electronics,Monitor,1,258.07,0.15,219.36,145.0,74.36,Retail Store,Credit Card,3
ORD-01410,2026-01-20,C1027,Consumer,East,Montreal,Electronics,Printer,3,204.74,0,614.22,336.0,278.22,Retail Store,Bank Transfer,
ORD-01411,2025-07-01,C1188,Corporate,East,Halifax,Accessories,Mouse,5,38.19,0.1,171.85,70.0,101.85,Retail Store,PayPal,4
ORD-01412,2025-10-04,C1071,Consumer,West,Victoria,Electronics,Webcam,2,119.38,0.1,214.88,110.0,104.88,Online,Bank Transfer,5
ORD-01413,2025-05-14,C1242,Small Business,East,Montreal,Furniture,Office Chair,1,334.13,0.05,317.42,185.0,132.42,Retail Store,Credit Card,5
ORD-01414,2025-06-14,C1134,Small Business,East,Halifax,Electronics,Printer,1,203.48,0.15,172.96,112.0,60.96,Online,Debit Card,4
ORD-01415,2025-07-23,C1103,Consumer,West,Victoria,Accessories,Mouse,1,41.71,0,41.71,14.0,27.71,Partner,Bank Transfer,5
ORD-01416,2025-04-22,C1040,Consumer,Central,Winnipeg,Electronics,Monitor,2,254.44,0.15,432.55,290.0,142.55,Partner,Credit Card,4
ORD-01417,2026-01-24,C1293,Consumer,West,Vancouver,Furniture,Standing Desk,1,549.76,0,549.76,330.0,219.76,Retail Store,Bank Transfer,5
ORD-01418,2025-05-05,C1086,Small Business,West,Vancouver,Electronics,Webcam,1,114.58,0,114.58,55.0,59.58,Online,Credit Card,5
ORD-01419,2025-05-25,C1231,Corporate,Central,Ottawa,Accessories,USB-C Hub,1,76.41,0,76.41,31.0,45.41,Online,PayPal,4
ORD-01420,2025-04-15,C1087,Consumer,Central,Ottawa,Accessories,USB-C Hub,1,81.33,0.1,73.2,31.0,42.2,Online,Credit Card,4
ORD-01421,2025-01-15,C1099,Corporate,West,Calgary,Electronics,Monitor,5,240.05,0.15,1020.21,725.0,295.21,Retail Store,Bank Transfer,5
ORD-01422,2025-06-25,C1218,Consumer,East,Halifax,Furniture,Office Chair,3,321.21,0.05,915.45,555.0,360.45,Retail Store,Debit Card,4
ORD-01423,2025-04-28,C1378,Consumer,East,Montreal,Accessories,USB-C Hub,3,81.99,0,245.97,93.0,152.97,Online,Bank Transfer,3
ORD-01424,2026-03-15,C1207,Small Business,Central,Winnipeg,Electronics,Monitor,2,243.39,0.15,413.76,290.0,123.76,Online,Credit Card,4
ORD-01425,2026-01-09,C1345,Small Business,West,Victoria,Accessories,USB-C Hub,1,78.78,0,78.78,31.0,47.78,Online,Credit Card,4
ORD-01426,2026-02-07,C1207,Consumer,East,Halifax,Furniture,Office Chair,1,336.15,0.15,285.73,185.0,100.73,Partner,Credit Card,4
ORD-01427,2026-06-20,C1020,Consumer,East,Montreal,Electronics,Monitor,10,256.36,0.2,2050.88,1450.0,600.88,Retail Store,Debit Card,5
ORD-01428,2026-03-17,C1019,Consumer,East,Halifax,Accessories,USB-C Hub,1,83.13,0,83.13,31.0,52.13,Online,Credit Card,5
ORD-01429,2025-08-24,C1066,Small Business,East,Halifax,Furniture,Standing Desk,10,538.54,0.05,5116.13,3300.0,1816.13,Retail Store,PayPal,5
ORD-01430,2026-06-09,C1414,Consumer,East,Halifax,Electronics,Monitor,3,248.94,0.05,709.48,435.0,274.48,Online,Bank Transfer,3
ORD-01431,2025-04-04,C1336,Consumer,Central,Toronto,Accessories,Mouse,6,41.07,0,246.42,84.0,162.42,Online,Credit Card,4
ORD-01432,2026-04-08,C1272,Consumer,Central,Ottawa,Electronics,Monitor,8,249.86,0.2,1599.1,1160.0,439.1,Retail Store,Bank Transfer,
ORD-01433,2025-06-03,C1295,Small Business,East,Halifax,Furniture,Standing Desk,2,540.1,0.15,918.17,660.0,258.17,Online,Bank Transfer,4
ORD-01434,2025-02-09,C1188,Consumer,East,Halifax,Furniture,Office Chair,3,339.64,0.1,917.03,555.0,362.03,Retail Store,PayPal,3
ORD-01435,2025-01-31,C1063,Small Business,East,Quebec City,Furniture,Standing Desk,2,524.18,0.05,995.94,660.0,335.94,Retail Store,PayPal,4
ORD-01436,2025-06-30,C1071,Consumer,East,Quebec City,Furniture,Office Chair,1,326.49,0.05,310.17,185.0,125.17,Retail Store,PayPal,5
ORD-01437,2025-07-10,C1113,Small Business,East,Montreal,Accessories,Keyboard,3,72.3,0.1,195.21,84.0,111.21,Retail Store,Credit Card,4
ORD-01438,2025-12-15,C1091,Small Business,Central,Toronto,accessories,Headset,2,88.53,0.05,168.21,76.0,92.21,Online,Bank Transfer,5
ORD-01439,2025-06-21,C1351,Consumer,East,Montreal,Furniture,Standing Desk,8,555.93,0,4447.44,2640.0,1807.44,Retail Store,Credit Card,5
ORD-01440,2025-08-17,C1197,Consumer,East,Montreal,Accessories,USB-C Hub,3,80.14,0.1,216.38,93.0,123.38,Online,Credit Card,5
ORD-01441,2025-11-25,C1262,Consumer,Central,Winnipeg,Accessories,Headset,6,86.57,0.1,467.48,228.0,239.48,Online,Credit Card,4
ORD-01442,2026-05-08,C1019,Consumer,East,Quebec City,Accessories,Keyboard,1,68.37,0.05,64.95,28.0,36.95,Retail Store,PayPal,4
ORD-01443,2025-08-04,C1373,Consumer,Central,Ottawa,Electronics,Monitor,1,240.17,0,240.17,145.0,95.17,Online,PayPal,4
ORD-01444,2025-08-08,C1317,Small Business,Central,Ottawa,Accessories,USB-C Hub,1,76.12,0,76.12,31.0,45.12,Online,Debit Card,5
ORD-01445,2025-04-22,C1356,Consumer,Central,Toronto,Electronics,Laptop,4,944.77,0.05,3590.13,2480.0,1110.13,Online,Credit Card,
ORD-01446,2025-05-15,C1205,Consumer,Central,Toronto,Accessories,Headset,2,92.39,0.05,175.54,76.0,99.54,Retail Store,Debit Card,4
ORD-01447,2025-12-05,C1275,Consumer,East,Quebec City,Furniture,Standing Desk,2,566.07,0.05,1075.53,660.0,415.53,Retail Store,PayPal,
ORD-01448,2025-11-02,C1173,Consumer,West,Vancouver,Electronics,Webcam,5,117.35,0.15,498.74,275.0,223.74,Partner,PayPal,5
ORD-01449,2025-11-21,C1219,Consumer,East,Halifax,Accessories,Headset,3,94.2,0.15,240.21,114.0,126.21,Partner,Credit Card,5
ORD-01450,2025-05-20,C1037,Consumer,West,Vancouver,Electronics,Laptop,1,934.05,0.05,887.35,620.0,267.35,Retail Store,Debit Card,4
ORD-01451,2025-04-29,C1217,Consumer,Central,Ottawa,Electronics,Monitor,1,253.33,0.05,240.66,145.0,95.66,Online,Credit Card,4
ORD-01452,2025-10-18,C1255,Consumer,Central,Ottawa,Accessories,USB-C Hub,2,79.92,0.2,127.87,62.0,65.87,Retail Store,Bank Transfer,4
ORD-01453,2026-04-05,C1378,Consumer,East,Quebec City,Accessories,Headset,3,90.13,0,270.39,114.0,156.39,Online,PayPal,4
ORD-01454,2025-10-22,C1068,Corporate,West,Vancouver,Accessories,USB-C Hub,1,76.84,0.1,69.16,31.0,38.16,Retail Store,Credit Card,4
ORD-01455,2025-05-10,C1378,Small Business,West,Calgary,Accessories,Keyboard,5,66.9,0.1,301.05,140.0,161.05,Retail Store,Credit Card,3
ORD-01456,2026-06-17,C1392,Consumer,West,Victoria,Accessories,Headset,2,90.28,0,180.56,76.0,104.56,Retail Store,Bank Transfer,
ORD-01457,2026-06-16,C1185,Consumer,East,Montreal,Electronics,Webcam,1,117.11,0.05,111.25,55.0,56.25,Online,Bank Transfer,5
ORD-01458,2025-05-19,C1342,Consumer,Central,Toronto,Electronics,Printer,8,205.5,0.05,1561.8,896.0,665.8,Retail Store,Bank Transfer,
ORD-01459,2025-09-04,C1089,Corporate,East,Montreal,Furniture,Standing Desk,1,557.99,0.2,446.39,330.0,116.39,Retail Store,Bank Transfer,4
ORD-01460,2025-08-09,C1166,Small Business,West,Victoria,Accessories,Mouse,6,41.69,0.2,200.11,84.0,116.11,Partner,Debit Card,4
ORD-01461,2025-06-08,C1167,Consumer,East,Halifax,Electronics,Printer,1,198.53,0,198.53,112.0,86.53,Online,PayPal,4
ORD-01462,2025-08-30,C1295,Consumer,East,Halifax,Accessories,Keyboard,1,68.2,0.1,61.38,28.0,33.38,Retail Store,PayPal,4
ORD-01463,2025-11-12,C1148,Small Business,Central,Ottawa,Electronics,Monitor,3,242.96,0.15,619.55,435.0,184.55,Retail Store,Credit Card,4
ORD-01464,2025-12-07,C1309,Small Business,Central,Ottawa,Electronics,Printer,5,193.6,0.1,871.2,560.0,311.2,Retail Store,Credit Card,
ORD-01465,2025-07-11,C1269,Consumer,East,Montreal,Electronics,Webcam,1,119.61,0.15,101.67,55.0,46.67,Online,Credit Card,
ORD-01466,2025-08-08,C1014,Corporate,Central,Winnipeg,Furniture,Office Chair,1,317.8,0.05,301.91,185.0,116.91,Partner,Debit Card,4
ORD-01467,2026-01-09,C1310,Consumer,Central,Winnipeg,Electronics,Laptop,2,904.87,0,1809.74,1240.0,569.74,Partner,Bank Transfer,
ORD-01468,2025-12-24,C1103,Consumer,East,Montreal,Furniture,Office Chair,3,343.99,0.05,980.37,555.0,425.37,Online,PayPal,3
ORD-01469,2025-11-06,C1107,Corporate,West,Victoria,Electronics,Monitor,4,239.15,0,956.6,580.0,376.6,Retail Store,Credit Card,4
ORD-01470,2025-06-02,C1155,Small Business,East,Halifax,Accessories,Keyboard,4,66.66,0,266.64,112.0,154.64,Retail Store,Bank Transfer,4
ORD-01471,2025-10-11,C1240,Small Business,East,Halifax,Accessories,USB-C Hub,1,79.31,0,79.31,31.0,48.31,Online,Debit Card,4
ORD-01472,2026-05-27,C1060,Consumer,West,Calgary,Electronics,Monitor,1,242.67,0,242.67,145.0,97.67,Online,Bank Transfer,
ORD-01473,2026-04-23,C1053,Small Business,East,Montreal,Electronics,Laptop,1,889.42,0,889.42,620.0,269.42,Retail Store,Debit Card,4
ORD-01474,2025-02-12,C1127,Small Business,West,Calgary,Electronics,Laptop,2,923.39,0.15,1569.76,1240.0,329.76,Retail Store,Debit Card,4
ORD-01475,2025-02-07,C1448,Consumer,Central,Winnipeg,Accessories,Mouse,2,39.81,0.1,71.66,28.0,43.66,Retail Store,Credit Card,5
ORD-01476,2025-06-03,C1172,Consumer,Central,Toronto,Electronics,Monitor,1,250.61,0,250.61,145.0,105.61,Retail Store,PayPal,3
ORD-01477,2025-05-18,C1179,Consumer,West,Calgary,Accessories,Headset,2,93.11,0,186.22,76.0,110.22,Retail Store,Credit Card,5
ORD-01478,2025-01-02,C1049,Consumer,West,Calgary,Electronics,Printer,2,190.33,0.05,361.63,224.0,137.63,Retail Store,Bank Transfer,4
ORD-01479,2025-05-02,C1066,Consumer,West,Victoria,Accessories,Mouse,2,39.22,0,78.44,28.0,50.44,Online,Credit Card,4
ORD-01480,2025-09-23,C1082,Corporate,West,Calgary,Accessories,Keyboard,1,69.02,0.05,65.57,28.0,37.57,Partner,Debit Card,
ORD-01481,2026-05-22,C1441,Consumer,Central,Toronto,Accessories,Keyboard,2,69.51,0.2,111.22,56.0,55.22,Retail Store,Bank Transfer,3
ORD-01482,2025-08-22,C1081,Corporate,West,Vancouver,Accessories,Headset,2,94.07,0,188.14,76.0,112.14,Online,Debit Card,3
ORD-01483,2025-10-20,C1393,Small Business,West,Vancouver,Electronics,Laptop,1,899.66,0.05,854.68,620.0,234.68,Partner,PayPal,
ORD-01484,2026-03-10,C1431,Small Business,Central,Winnipeg,Electronics,Monitor,2,244.62,0,489.24,290.0,199.24,Retail Store,Debit Card,4
ORD-01485,2025-09-15,C1393,Consumer,Central,Toronto,Accessories,Keyboard,5,70.37,0,351.85,140.0,211.85,Online,Credit Card,4
ORD-01486,2025-02-09,C1082,Consumer,West,Vancouver,Furniture,Standing Desk,2,527.44,0.1,949.39,660.0,289.39,Online,Credit Card,5
ORD-01487,2025-01-14,C1360,Consumer,East,Montreal,Furniture,Office Chair,2,345.64,0.1,622.15,370.0,252.15,Online,Bank Transfer,3
ORD-01488,2025-03-28,C1024,Consumer,West,Calgary,Electronics,Laptop,2,884.88,0.1,1592.78,1240.0,352.78,Online,PayPal,5
ORD-01489,2026-06-28,C1222,Consumer,Central,Ottawa,Accessories,Headset,1,85.65,0,85.65,38.0,47.65,Online,PayPal,4
ORD-01490,2026-06-29,C1287,Small Business,East,Halifax,Furniture,Office Chair,2,320.24,0.05,608.46,370.0,238.46,Retail Store,PayPal,3
ORD-01491,2025-07-23,C1223,Corporate,East,Montreal,Electronics,Printer,2,195.07,0.05,370.63,224.0,146.63,Partner,Bank Transfer,5
ORD-01492,2025-06-02,C1029,Consumer,West,Victoria,Electronics,Printer,1,190.37,0.15,161.81,112.0,49.81,Online,Bank Transfer,5
ORD-01493,2026-03-01,C1228,Small Business,Central,Toronto,Accessories,Headset,8,86.54,0,692.32,304.0,388.32,Online,Bank Transfer,
ORD-01494,2025-05-08,C1420,Consumer,Central,Toronto,Electronics,Laptop,3,904.67,0.1,2442.61,1860.0,582.61,Online,Credit Card,5
ORD-01495,2025-11-19,C1152,Consumer,West,Calgary,Electronics,Monitor,3,238.44,0.05,679.55,435.0,244.55,Online,Bank Transfer,
ORD-01496,2026-06-26,C1195,Consumer,Central,Winnipeg,Accessories,Mouse,3,41.24,0.1,111.35,42.0,69.35,Retail Store,Credit Card,5
ORD-01497,2026-02-25,C1119,Consumer,Central,Toronto,accessories,Keyboard,1,68.35,0.05,64.93,28.0,36.93,Online,PayPal,4
ORD-01498,2026-03-24,C1228,Small Business,West,Vancouver,Accessories,USB-C Hub,3,83.95,0.15,214.07,93.0,121.07,Retail Store,Credit Card,3
ORD-01499,2025-09-28,C1087,Consumer,West,Victoria,Accessories,Keyboard,1,70.27,0.1,63.24,28.0,35.24,Retail Store,Credit Card,4
ORD-01500,2026-02-25,C1279,Small Business,West,Vancouver,Electronics,Laptop,3,936.16,0.15,2387.21,1860.0,527.21,Online,Debit Card,4
ORD-00925,2025-11-28,C1049,Corporate,East,Halifax,Furniture,Office Chair,2,337.67,0,675.34,370.0,305.34,Online,Bank Transfer,4
ORD-00730,2025-04-08,C1352,Corporate,East,Quebec City,Furniture,Standing Desk,3,557.43,0,1672.29,990.0,682.29,Retail Store,Bank Transfer,5
ORD-01069,2025-08-01,C1404,Consumer,West,Vancouver,Electronics,Printer,4,191.01,0.15,649.43,448.0,201.43,Online,Debit Card,4
ORD-01051,2025-06-26,C1114,Consumer,East,Montreal,furniture,Standing Desk,2,524.09,0,1048.18,660.0,388.18,Online,Credit Card,4
ORD-00478,2026-03-28,C1105,Consumer,East,Montreal,Accessories,Headset,1,90.12,0.1,81.11,38.0,43.11,Online,PayPal,5
ORD-01170,2026-02-23,C1426,Consumer,Central,Winnipeg,Accessories,Headset,1,88.19,0.1,79.37,38.0,41.37,Online,Credit Card,5
ORD-00902,2026-01-09,C1431,Consumer,Central,Toronto,Furniture,Office Chair,1,342.04,0.1,307.84,185.0,122.84,Retail Store,Credit Card,
ORD-01039,2025-02-11,C1262,Small Business,West,Victoria,Furniture,Office Chair,1,316.83,0.1,285.15,185.0,100.15,Retail Store,PayPal,4
